nivel,eje,rango,anio,autores,titulo,revista,volumen,numero,paginas,tipo,nivel_revista,fwci,citas,doi,url,acceso_abierto,pdf,afiliaciones_peru,pertinencia,fuente,consulta,cita_apa,resumen
internacional,E1,1,2023,Bruno Biais; Christophe Bisière; Matthieu Bouvard; Catherine Casamatta; Albert J. Menkveld,Equilibrium Bitcoin Pricing,The Journal of Finance,78,2,967-1014,articulo,A,66.3332,248,10.1111/jofi.13206,https://doi.org/10.1111/jofi.13206,bronze,antecedentes/internacional/2023_Biais_Equilibrium_Bitcoin_Pricing.pdf,,,OpenAlex,"(bitcoin OR cryptocurrency OR cryptocurrencies OR ""crypto assets"" OR ""digital assets"" OR ethereum) AND (volatility OR GARCH OR ""value at risk"" OR ""expected shortfall"" OR ""tail risk"")","BIAIS, B., BISIÈRE, C., BOUVARD, M., CASAMATTA, C., & MENKVELD, A. J. (2023). Equilibrium Bitcoin Pricing. The Journal of Finance, 78(2), 967–1014. Portico. https://doi.org/10.1111/jofi.13206","ABSTRACT We offer a general equilibrium analysis of cryptocurrency pricing. The fundamental value of the cryptocurrency is its stream of net transactional benefits, which depend on its future prices. This implies that, in addition to fundamentals, equilibrium prices reflect sunspots. This in turn implies multiple equilibria and extrinsic volatility, that is, cryptocurrency prices fluctuate even when fundamentals are constant. To match our model to the data, we construct indices measuring the net transactional benefits of Bitcoin. In our calibration, part of the variations in Bitcoin returns reflects changes in net transactional benefits, but a larger share reflects extrinsic volatility."
internacional,E1,2,2026,Maik Schmeling; Andreas Schrimpf; Karamfil Todorov,Crypto Carry,Management Science,,,,articulo,A,29.8014,2,10.1287/mnsc.2024.05069,https://doi.org/10.1287/mnsc.2024.05069,closed,,,,OpenAlex,"(bitcoin OR cryptocurrency OR cryptocurrencies OR ""crypto assets"" OR ""digital assets"" OR ethereum) AND (volatility OR GARCH OR ""value at risk"" OR ""expected shortfall"" OR ""tail risk"")","Schmeling, M., Schrimpf, A., & Todorov, K. (2026). Crypto Carry. Management Science. https://doi.org/10.1287/mnsc.2024.05069","We analyze the dynamics of carry in crypto markets—the difference between futures and spot prices—and document that it can reach exceptionally high levels, sometimes exceeding 40% per annum, with significant variation over time. This phenomenon reflects a substantial and volatile inconvenience yield associated with holding spot cryptocurrencies relative to futures. We trace the large and volatile crypto carry to the interplay of two main forces: (i) demand from smaller, trend-chasing investors seeking leveraged exposure and (ii) the limited deployment of arbitrage capital because of regulatory and margin frictions. Our findings highlight how structural limits to arbitrage—especially severe in the case of crypto—can amplify price inefficiencies across financial markets, offering lessons for understanding asset pricing and market behavior more generally. This paper was accepted by Agostino Capponi, finance. Funding: M. Schmeling acknowledges financial support from the German Science Foundation [Grant SCHM 2623/2-1]. Supplemental Material: The online appendix and data files are available at https://doi.org/10.1287/mnsc.2024.05069 ."
internacional,E1,3,2026,David A. Easley; Maureen O’Hara; Songshan Yang; Zhibai Zhang,Microstructure and market dynamics in crypto markets,Journal of Financial Markets,,,101071-101071,articulo,A,27.3187,6,10.1016/j.finmar.2026.101071,https://doi.org/10.1016/j.finmar.2026.101071,green,,,,OpenAlex,"(bitcoin OR cryptocurrency OR cryptocurrencies OR ""crypto assets"" OR ""digital assets"" OR ethereum) AND (volatility OR GARCH OR ""value at risk"" OR ""expected shortfall"" OR ""tail risk"")","Easley, D., O’Hara, M., Yang, S., & Zhang, Z. (2026). Microstructure and market dynamics in crypto markets. Journal of Financial Markets, 101071. https://doi.org/10.1016/j.finmar.2026.101071",
internacional,E1,4,2021,Klaus Grobys; Juha-Pekka Junttila; James W. Kolari; Niranjan Sapkota,On the stability of stablecoins,Journal of Empirical Finance,64,,207-223,articulo,A,23.4664,158,10.1016/j.jempfin.2021.09.002,https://doi.org/10.1016/j.jempfin.2021.09.002,hybrid,,,,OpenAlex,"(bitcoin OR cryptocurrency OR cryptocurrencies OR ""crypto assets"" OR ""digital assets"" OR ethereum) AND (volatility OR GARCH OR ""value at risk"" OR ""expected shortfall"" OR ""tail risk"")","Grobys, K., Junttila, J., Kolari, J. W., & Sapkota, N. (2021). On the stability of stablecoins. Journal of Empirical Finance, 64, 207–223. https://doi.org/10.1016/j.jempfin.2021.09.002","This paper investigates the volatility processes of stablecoins and their potential stochastic interdependencies with Bitcoin volatility. We employ a novel approach to choose the optimal combination for the power law exponent and the minimum value for the volatilities bending the power law. Our results indicate that Bitcoin volatility is well-behaved in a statistical sense with a finite theoretical variance. Surprisingly, the volatilities of stablecoins are statistically unstable and contemporaneously respond to Bitcoin volatility. Also, whereas the volatilities of stablecoins are not Granger-causal for Bitcoin volatility, lagged Bitcoin volatility exhibits Granger-causal effects on the volatilities of stablecoins. We conclude that Bitcoin volatility is a fundamental factor that drives the volatilities of stablecoins."
internacional,E1,5,2021,Alexander Brauneis; Roland Mestel; Ryan Riordan; Erik Theissen,How to measure the liquidity of cryptocurrency markets?,Journal of Banking & Finance,124,,106041-106041,articulo,A,20.4284,147,10.1016/j.jbankfin.2020.106041,https://doi.org/10.1016/j.jbankfin.2020.106041,hybrid,antecedentes/internacional/2021_Brauneis_How_to_measure_the_liquidity_of_cryptocurrency_markets.pdf,,,OpenAlex,"(bitcoin OR cryptocurrency OR cryptocurrencies OR ""crypto assets"" OR ""digital assets"" OR ethereum) AND (volatility OR GARCH OR ""value at risk"" OR ""expected shortfall"" OR ""tail risk"")","Brauneis, A., Mestel, R., Riordan, R., & Theissen, E. (2021). How to measure the liquidity of cryptocurrency markets? Journal of Banking &Amp; Finance, 124, 106041. https://doi.org/10.1016/j.jbankfin.2020.106041","This paper investigates the efficacy of low-frequency transactions-based liquidity measures to describe actual (high-frequency) liquidity. We show that the Corwin and Schultz (2012) and Abdi and Ranaldo (2017) estimators outperform other measures in describing time-series variations, irrespective of the observation frequency, trading venue, high-frequency liquidity benchmark, and cryptocurrency. Both measures perform well during high and low return, volatility and volume periods. The Kyle and Obizhaeva (2016) estimator and the Amihud (2002) illiquidity ratio outperform when estimating liquidity levels. These two estimators also reliably identify liquidity differences between trading venues. Overall, the results suggest that there is not yet a universally bestmeasure but there are reasonably good low-frequency measures."
internacional,E1,6,2023,Kun Zhang; Tsan‐Ming Choi; Sai‐Ho Chung; Yue Dai; Xin Wen,Blockchain adoption in retail operations: Stablecoins and traceability,European Journal of Operational Research,315,1,147-160,articulo,A,20.3001,48,10.1016/j.ejor.2023.11.026,https://doi.org/10.1016/j.ejor.2023.11.026,closed,,,,OpenAlex,"(bitcoin OR cryptocurrency OR cryptocurrencies OR ""crypto assets"" OR ""digital assets"" OR ethereum) AND (volatility OR GARCH OR ""value at risk"" OR ""expected shortfall"" OR ""tail risk"")","Zhang, K., Choi, T.-M., Chung, S.-H., Dai, Y., & Wen, X. (2024). Blockchain adoption in retail operations: Stablecoins and traceability. European Journal of Operational Research, 315(1), 147–160. https://doi.org/10.1016/j.ejor.2023.11.026",
internacional,E1,7,2025,Vincent Gurgul; Stefan Lessmann; Wolfgang Karl Härdle,"Deep learning and NLP in cryptocurrency forecasting: Integrating financial, blockchain, and social media data",International Journal of Forecasting,41,4,1666-1695,articulo,A,18.02,20,10.1016/j.ijforecast.2025.02.007,https://doi.org/10.1016/j.ijforecast.2025.02.007,hybrid,,,,OpenAlex,"(bitcoin OR cryptocurrency OR cryptocurrencies OR ""crypto assets"" OR ""digital assets"" OR ethereum) AND (volatility OR GARCH OR ""value at risk"" OR ""expected shortfall"" OR ""tail risk"")","Gurgul, V., Lessmann, S., & Härdle, W. K. (2025). Deep learning and NLP in cryptocurrency forecasting: Integrating financial, blockchain, and social media data. International Journal of Forecasting, 41(4), 1666–1695. https://doi.org/10.1016/j.ijforecast.2025.02.007","We introduce novel approaches to cryptocurrency price forecasting, leveraging Machine Learning (ML) and Natural Language Processing (NLP) techniques, with a focus on Bitcoin and Ethereum. By analysing news and social media content, primarily from Twitter and Reddit, we assess the impact of public sentiment on cryptocurrency markets. A distinctive feature of our methodology is the application of the BART MNLI zero-shot classification model to detect bullish and bearish trends, significantly advancing beyond traditional sentiment analysis. Additionally, we systematically compare a range of pre-trained and fine-tuned deep learning NLP models against conventional dictionary-based sentiment analysis methods. Another key contribution of our work is the adoption of local extrema alongside daily price movements as predictive targets, reducing trading frequency and portfolio volatility. Our findings demonstrate that integrating textual data into cryptocurrency price forecasting not only improves forecasting accuracy but also consistently enhances the profitability and Sharpe ratio across various validation scenarios, particularly when applying deep learning NLP techniques. The entire codebase of our experiments is available via an online repository: https://anonymous.4open.science/r/crypto-forecasting-public . • NLP data from social media improve the accuracy of cryptocurrency forecasting models. • As a target variable, local extrema are a valid alternative to daily price changes. • Deep learning language models substantially outperform dictionary-based methodologies. • Both pre-trained and fine-tuned language models effectively quantify market sentiment."
internacional,E1,8,2025,Tommaso Di Francesco; Cars Hommes,Sentiment-driven speculation in financial markets with heterogeneous beliefs: A machine learning approach,Journal of Economic Dynamics and Control,175,,105092-105092,articulo,A,14.4843,11,10.1016/j.jedc.2025.105092,https://doi.org/10.1016/j.jedc.2025.105092,hybrid,,,,OpenAlex,"(bitcoin OR cryptocurrency OR cryptocurrencies OR ""crypto assets"" OR ""digital assets"" OR ethereum) AND (volatility OR GARCH OR ""value at risk"" OR ""expected shortfall"" OR ""tail risk"")","Di Francesco, T., & Hommes, C. (2025). Sentiment-driven speculation in financial markets with heterogeneous beliefs: A machine learning approach. Journal of Economic Dynamics and Control, 175, 105092. https://doi.org/10.1016/j.jedc.2025.105092","We study an heterogenous asset pricing model in which different classes of investors coexist and evolve, switching among strategies over time according to a fitness measure. In the presence of boundedly rational agents, with biased forecasts and trend following rules, we study the effect of two types of speculation: one based on fundamentalist and the other on rational expectations. While the first is only based on knowledge of the asset underlying dynamics, the second takes also into account the behavior of other investors. We bring the model to data by estimating it on the Bitcoin Market with two contributions, relying on methods from Machine Learning. First, we construct the Bitcoin Twitter Sentiment Index (BiTSI) to proxy a time varying bias. Second, we propose a new method based on a Neural Network, for the estimation of the resulting heterogeneous agent model with rational speculators. We show that the switching finds support in the data and that while fundamentalist speculation amplifies volatility, rational speculation has a stabilizing effect on the market."
internacional,E1,9,2022,Alexander Brauneis; Roland Mestel; Ryan Riordan; Erik Theissen,Bitcoin unchained: Determinants of cryptocurrency exchange liquidity,Journal of Empirical Finance,69,,106-122,articulo,A,12.8919,45,10.1016/j.jempfin.2022.08.004,https://doi.org/10.1016/j.jempfin.2022.08.004,hybrid,antecedentes/internacional/2022_Brauneis_Bitcoin_unchained_Determinants_of_cryptocurrency_exchange_li.pdf,,,OpenAlex,"(bitcoin OR cryptocurrency OR cryptocurrencies OR ""crypto assets"" OR ""digital assets"" OR ethereum) AND (volatility OR GARCH OR ""value at risk"" OR ""expected shortfall"" OR ""tail risk"")","Brauneis, A., Mestel, R., Riordan, R., & Theissen, E. (2022). Bitcoin unchained: Determinants of cryptocurrency exchange liquidity. Journal of Empirical Finance, 69, 106–122. https://doi.org/10.1016/j.jempfin.2022.08.004","We study bitcoin to US dollar (BTCUSD) liquidity and liquidity determinants using order book data from three large cryptocurrency exchanges. The BTCUSD market is more liquid than US equity markets with bid–ask spreads often below 1 basis point. We find that BTCUSD liquidity is largely explained by same-exchange past liquidity, past cryptocurrency market-wide liquidity and volatility, and fees charged on the blockchain for bitcoin transfers. Surprisingly, we find that BTCUSD liquidity is unrelated to broader financial markets and financial market liquidity."
internacional,E1,10,2021,Klaus Grobys,When the blockchain does not block: on hackings and uncertainty in the cryptocurrency market,Quantitative Finance,21,8,1267-1279,articulo,A,12.0493,56,10.1080/14697688.2020.1849779,https://doi.org/10.1080/14697688.2020.1849779,hybrid,,,,OpenAlex,"(bitcoin OR cryptocurrency OR cryptocurrencies OR ""crypto assets"" OR ""digital assets"" OR ethereum) AND (volatility OR GARCH OR ""value at risk"" OR ""expected shortfall"" OR ""tail risk"")","Grobys, K. (2021). When the blockchain does not block: on hackings and uncertainty in the cryptocurrency market. Quantitative Finance, 21(8), 1267–1279. https://doi.org/10.1080/14697688.2020.1849779","A total of 1.1 million bitcoins were stolen in the 2013–2017 period. Noting that the average price for a Bitcoin in 2018 was $7572 the corresponding monetary equivalent of losses is $8.9 billion highlighting the societal impact of this criminal activity. Investigating the response of the uncertainty of Bitcoin returns when hacking incidents occur, the results of this study point toward two different responses. After experiencing a contemporaneous effect at day t=0, the volatility increases significantly again at day t+5. Hacking incidents that occur in the Bitcoin market also affect the uncertainty in the Ethereum market with a time delay of five days. Notably, neither Bitcoin nor Ethereum appear to exhibit asymmetric responses to negative innovations."
internacional,E2,1,2023,Matteo Bonato; Oğuzhan Çepni; Rangan Gupta; Christian Pierdzioch,Climate risks and state-level stock market realized volatility,Journal of Financial Markets,66,,100854-100854,articulo,A,18.8458,62,10.1016/j.finmar.2023.100854,https://doi.org/10.1016/j.finmar.2023.100854,green,antecedentes/internacional/2023_Bonato_Climate_risks_and_state_level_stock_market_realized_volatili.pdf,,,OpenAlex,"(""realized volatility"" OR ""heterogeneous autoregressive"" OR ""HAR model"") AND (forecasting OR forecast OR forecasts)","Bonato, M., Cepni, O., Gupta, R., & Pierdzioch, C. (2023). Climate risks and state-level stock market realized volatility. Journal of Financial Markets, 66, 100854. https://doi.org/10.1016/j.finmar.2023.100854",
internacional,E2,2,2023,Chao Zhang; Yihuang Zhang; Mihai Cucuringu; Zhongmin Qian,Volatility Forecasting with Machine Learning and Intraday Commonality,Journal of Financial Econometrics,22,2,492-530,articulo,A,17.3736,58,10.1093/jjfinec/nbad005,https://doi.org/10.1093/jjfinec/nbad005,hybrid,,,,OpenAlex,"(""realized volatility"" OR ""heterogeneous autoregressive"" OR ""HAR model"") AND (forecasting OR forecast OR forecasts)","Zhang, C., Zhang, Y., Cucuringu, M., & Qian, Z. (2023). Volatility Forecasting with Machine Learning and Intraday Commonality. Journal of Financial Econometrics, 22(2), 492–530. https://doi.org/10.1093/jjfinec/nbad005","Abstract We apply machine learning models to forecast intraday realized volatility (RV), by exploiting commonality in intraday volatility via pooling stock data together, and by incorporating a proxy for the market volatility. Neural networks dominate linear regressions and tree-based models in terms of performance, due to their ability to uncover and model complex latent interactions among variables. Our findings remain robust when we apply trained models to new stocks that have not been included in the training set, thus providing new empirical evidence for a universal volatility mechanism among stocks. Finally, we propose a new approach to forecasting 1-day-ahead RVs using past intraday RVs as predictors, and highlight interesting time-of-day effects that aid the forecasting mechanism. The results demonstrate that the proposed methodology yields superior out-of-sample forecasts over a strong set of traditional baselines that only rely on past daily RVs."
internacional,E2,3,2022,Matteo Bonato; Oğuzhan Çepni; Rangan Gupta; Christian Pierdzioch,Climate risks and realized volatility of major commodity currency exchange rates,Journal of Financial Markets,62,,100760-100760,articulo,A,16.5738,91,10.1016/j.finmar.2022.100760,https://doi.org/10.1016/j.finmar.2022.100760,green,antecedentes/internacional/2022_Bonato_Climate_risks_and_realized_volatility_of_major_commodity_cur.pdf,,,OpenAlex,"(""realized volatility"" OR ""heterogeneous autoregressive"" OR ""HAR model"") AND (forecasting OR forecast OR forecasts)","Bonato, M., Cepni, O., Gupta, R., & Pierdzioch, C. (2023). Climate risks and realized volatility of major commodity currency exchange rates. Journal of Financial Markets, 62, 100760. https://doi.org/10.1016/j.finmar.2022.100760",
internacional,E2,4,2024,Rafael R. Branco; Alexandre Rubesam; Mauricio Zevallos,Forecasting realized volatility: Does anything beat linear models?,Journal of Empirical Finance,78,,101524-101524,articulo,A,13.3759,21,10.1016/j.jempfin.2024.101524,https://doi.org/10.1016/j.jempfin.2024.101524,bronze,,,,OpenAlex,"(""realized volatility"" OR ""heterogeneous autoregressive"" OR ""HAR model"") AND (forecasting OR forecast OR forecasts)","Branco, R. R., Rubesam, A., & Zevallos, M. (2024). Forecasting realized volatility: Does anything beat linear models? Journal of Empirical Finance, 78, 101524. https://doi.org/10.1016/j.jempfin.2024.101524",
internacional,E2,5,2024,Akram Shavkatovich Hasanov; Robert C. Brooks; Sirojiddin Abrorov; Aktam Usmanovich Burkhanov,Structural breaks and GARCH models of exchange rate volatility: Re‐examination and extension,Journal of Applied Econometrics,39,7,1403-1407,articulo,A,11.8661,20,10.1002/jae.3091,https://doi.org/10.1002/jae.3091,hybrid,,,,OpenAlex,"(""volatility forecasts"" OR ""volatility forecasting"") AND (evaluation OR comparison OR ""loss function"")","Hasanov, A. S., Brooks, R., Abrorov, S., & Burkhanov, A. U. (2024). Structural breaks and GARCH models of exchange rate volatility: Re‐examination and extension. Journal of Applied Econometrics, 39(7), 1403–1407. Portico. https://doi.org/10.1002/jae.3091","Summary We examine the empirical significance of structural changes concerning generalized autoregressive conditional heteroskedasticity (GARCH) models of exchange rate volatility using out‐of‐sample tests by replicating and carrying out robustness checks on the volatility forecasting study by Rapach and Strauss (Journal of Applied Econometrics, 2008; 23, 65–90). We employ the same econometric models but incorporate recent US dollar daily exchange rates data while also using different software, a relatively recent forecast accuracy test and loss metrics. Our objective is to attain scientific replication in a broad sense. Our analysis verifies and broadly aligns with the results obtained in the original study. In particular, we find strong evidence that the models incorporating structural breaks demonstrate superior performance across all loss functions and forecast horizons compared with those models that ignore instabilities."
internacional,E2,6,2023,Haibin Zhu; Lu Bai; Lidan He; Zhi Liu,Forecasting realized volatility with machine learning: Panel data perspective,Journal of Empirical Finance,73,,251-271,articulo,A,11.8306,51,10.1016/j.jempfin.2023.07.003,https://doi.org/10.1016/j.jempfin.2023.07.003,closed,,,,OpenAlex,"(""realized volatility"" OR ""heterogeneous autoregressive"" OR ""HAR model"") AND (forecasting OR forecast OR forecasts)","Zhu, H., Bai, L., He, L., & Liu, Z. (2023). Forecasting realized volatility with machine learning: Panel data perspective. Journal of Empirical Finance, 73, 251–271. https://doi.org/10.1016/j.jempfin.2023.07.003",
internacional,E2,7,2021,Štefan Lyócsa; Péter Molnár; Tomáš Výrost,Stock market volatility forecasting: Do we need high-frequency data?,International Journal of Forecasting,37,3,1092-1110,articulo,A,10.5437,72,10.1016/j.ijforecast.2020.12.001,https://doi.org/10.1016/j.ijforecast.2020.12.001,closed,,,,OpenAlex,"(""volatility forecasts"" OR ""volatility forecasting"") AND (evaluation OR comparison OR ""loss function"")","Lyócsa, Š., Molnár, P., & Výrost, T. (2021). Stock market volatility forecasting: Do we need high-frequency data? International Journal of Forecasting, 37(3), 1092–1110. https://doi.org/10.1016/j.ijforecast.2020.12.001",
internacional,E2,8,2024,Chao Zhang; Xingyue Pu; Mihai Cucuringu; Xiaowen Dong,Forecasting realized volatility with spillover effects: Perspectives from graph neural networks,International Journal of Forecasting,41,1,377-397,articulo,A,10.2409,16,10.1016/j.ijforecast.2024.09.002,https://doi.org/10.1016/j.ijforecast.2024.09.002,closed,,,,OpenAlex,"(""realized volatility"" OR ""heterogeneous autoregressive"" OR ""HAR model"") AND (forecasting OR forecast OR forecasts)","Zhang, C., Pu, X., Cucuringu, M., & Dong, X. (2025). Forecasting realized volatility with spillover effects: Perspectives from graph neural networks. International Journal of Forecasting, 41(1), 377–397. https://doi.org/10.1016/j.ijforecast.2024.09.002",
internacional,E2,9,2026,Markus Bibinger; Jun Boo Yu; Chen Zhang,Modeling and Forecasting Realized Volatility with Multivariate Fractional Brownian Motion,Journal of Business and Economic Statistics,,,1-14,articulo,A,8.845,1,10.1080/07350015.2026.2696490,https://doi.org/10.1080/07350015.2026.2696490,green,antecedentes/internacional/2026_Bibinger_Modeling_and_Forecasting_Realized_Volatility_with_Multivaria.pdf,,,OpenAlex,"(""realized volatility"" OR ""heterogeneous autoregressive"" OR ""HAR model"") AND (forecasting OR forecast OR forecasts)","Bibinger, M., Yu, J., & Zhang, C. (2026). Modeling and Forecasting Realized Volatility with Multivariate Fractional Brownian Motion. Journal of Business &Amp; Economic Statistics, 1–14. https://doi.org/10.1080/07350015.2026.2696490","A multivariate fractional Brownian motion (mfBm) with component-wise Hurst exponents is used to model and forecast realized volatility (RV). We investigate the interplay between correlation coefficients and Hurst exponents and propose a novel method to estimate model parameters, establishing its consistency and asymptotic normality. Additionally, we develop a time-reversibility test, which is typically not rejected by RV data. When the data generating process is a time-reversible mfBm, we derive optimal forecasting formulae and analyze their properties. A key insight is that an mfBm with different Hurst exponents and non-zero correlations can reduce forecasting errors compared to a one-dimensional model. Consistent with this theory, out-of-sample forecasts using the time-reversible mfBm show improvements over univariate fBm, particularly when the estimated Hurst exponents differ significantly. Empirical results demonstrate that mfBm outperforms HAR and its variants in terms of out-of-sample forecast."
internacional,E2,10,2021,Xiaohu Wang; Weilin Xiao; Jun Boo Yu,Modeling and forecasting realized volatility with the fractional Ornstein–Uhlenbeck process,Journal of Econometrics,232,2,389-415,articulo,A,8.8023,78,10.1016/j.jeconom.2021.08.001,https://doi.org/10.1016/j.jeconom.2021.08.001,green,,,,OpenAlex,"(""realized volatility"" OR ""heterogeneous autoregressive"" OR ""HAR model"") AND (forecasting OR forecast OR forecasts)","Wang, X., Xiao, W., & Yu, J. (2023). Modeling and forecasting realized volatility with the fractional Ornstein–Uhlenbeck process. Journal of Econometrics, 232(2), 389–415. https://doi.org/10.1016/j.jeconom.2021.08.001",
internacional,E3,1,2021,Wei Zhang; Yi Li; Xiong Xiong; Pengfei Wang,Downside risk and the cross-section of cryptocurrency returns,Journal of Banking & Finance,133,,106246-106246,articulo,A,23.106,152,10.1016/j.jbankfin.2021.106246,https://doi.org/10.1016/j.jbankfin.2021.106246,closed,,,,OpenAlex,"(bitcoin OR cryptocurrency OR cryptocurrencies OR ""crypto assets"") AND (portfolio OR diversification OR ""risk parity"" OR ""hierarchical risk parity"" OR ""portfolio optimization"")","Zhang, W., Li, Y., Xiong, X., & Wang, P. (2021). Downside risk and the cross-section of cryptocurrency returns. Journal of Banking &Amp; Finance, 133, 106246. https://doi.org/10.1016/j.jbankfin.2021.106246",
internacional,E3,2,2024,Victor DeMiguel; Alberto Martín-Utrera; Raman Uppal,A Multifactor Perspective on Volatility‐Managed Portfolios,The Journal of Finance,79,6,3859-3891,articulo,A,13.9022,39,10.1111/jofi.13395,https://doi.org/10.1111/jofi.13395,hybrid,,,,OpenAlex,"(""volatility-managed portfolios"" OR ""volatility managed portfolios"" OR ""volatility targeting"" OR ""volatility timing"")","DeMIGUEL, V., MARTÍN‐UTRERA, A., & UPPAL, R. (2024). A Multifactor Perspective on Volatility‐Managed Portfolios. The Journal of Finance, 79(6), 3859–3891. Portico. https://doi.org/10.1111/jofi.13395","ABSTRACT Moreira and Muir question the existence of a strong risk‐return trade‐off by showing that investors can improve performance by reducing exposure to risk factors when their volatility is high. However, Cederburg et al. show that these strategies fail out‐of‐sample, and Barroso and Detzel show they do not survive transaction costs. We propose a conditional multifactor portfolio that outperforms its unconditional counterpart even out‐of‐sample and net of costs. Moreover, we show that factor risk prices generally decrease with market volatility. Our results demonstrate that the breakdown of the risk‐return trade‐off is more puzzling than previously thought."
internacional,E3,3,2021,Pedro Barroso; Andrew L. Detzel,Do limits to arbitrage explain the benefits of volatility-managed portfolios?,Journal of Financial Economics,140,3,744-767,articulo,A,12.9919,96,10.1016/j.jfineco.2021.02.009,https://doi.org/10.1016/j.jfineco.2021.02.009,closed,,,,OpenAlex,"(""volatility-managed portfolios"" OR ""volatility managed portfolios"" OR ""volatility targeting"" OR ""volatility timing"")","Barroso, P., & Detzel, A. (2021). Do limits to arbitrage explain the benefits of volatility-managed portfolios? Journal of Financial Economics, 140(3), 744–767. https://doi.org/10.1016/j.jfineco.2021.02.009",
internacional,E3,4,2022,Leon Li; Peter Miu,Are cryptocurrencies a safe haven for stock investors? A regime-switching approach,Journal of Empirical Finance,70,,367-385,articulo,A,8.2869,46,10.1016/j.jempfin.2022.12.010,https://doi.org/10.1016/j.jempfin.2022.12.010,closed,,,,OpenAlex,"(bitcoin OR cryptocurrency OR cryptocurrencies OR ""crypto assets"" OR ""digital assets"" OR ethereum) AND (volatility OR GARCH OR ""value at risk"" OR ""expected shortfall"" OR ""tail risk"")","Li, L., & Miu, P. (2023). Are cryptocurrencies a safe haven for stock investors? A regime-switching approach. Journal of Empirical Finance, 70, 367–385. https://doi.org/10.1016/j.jempfin.2022.12.010",
internacional,E3,5,2024,Matteo Benetton; Giovanni Compiani,Investors’ Beliefs and Cryptocurrency Prices,The Review of Asset Pricing Studies,14,2,197-236,articulo,A,7.5841,36,10.1093/rapstu/raad015,https://doi.org/10.1093/rapstu/raad015,closed,,,,OpenAlex,"(bitcoin OR cryptocurrency OR cryptocurrencies OR ""crypto assets"") AND (portfolio OR diversification OR ""risk parity"" OR ""hierarchical risk parity"" OR ""portfolio optimization"")","Benetton, M., & Compiani, G. (2024). Investors’ Beliefs and Cryptocurrency Prices. The Review of Asset Pricing Studies, 14(2), 197–236. https://doi.org/10.1093/rapstu/raad015","Abstract We explore the impact of investors’ beliefs on cryptocurrency demand and prices using new individual-level survey data and a structural characteristics-based demand model with differentiated cryptocurrencies and heterogeneous investors. We show that younger individuals with lower incomes are more optimistic about the future value of cryptocurrencies, as are late investors. We identify the model combining observable beliefs with an instrumental variable strategy that exploits variation in the production of different cryptocurrencies. Counterfactual analyses quantify the impact on portfolio allocations and equilibrium prices of (i) (regulating) entry of late optimistic investors, and (ii) growing concerns among investors about the sustainability of energy-intensive proof-of-work cryptocurrencies. (JEL: D84, G11, G41)"
internacional,E3,6,2021,Feifei Wang; Xuemin Sterling Yan,Downside risk and the performance of volatility-managed portfolios,Journal of Banking & Finance,131,,106198-106198,articulo,A,6.8263,50,10.1016/j.jbankfin.2021.106198,https://doi.org/10.1016/j.jbankfin.2021.106198,closed,,,,OpenAlex,"(""volatility-managed portfolios"" OR ""volatility managed portfolios"" OR ""volatility targeting"" OR ""volatility timing"")","Wang, F., & Yan, X. S. (2021). Downside risk and the performance of volatility-managed portfolios. Journal of Banking &Amp; Finance, 131, 106198. https://doi.org/10.1016/j.jbankfin.2021.106198",
internacional,E3,7,2021,Wenjie Ding; Khelifa Mazouz; Qingwei Wang,"Volatility timing, sentiment, and the short-term profitability of VIX-based cross-sectional trading strategies",Journal of Empirical Finance,63,,42-56,articulo,A,6.1616,37,10.1016/j.jempfin.2021.05.003,https://doi.org/10.1016/j.jempfin.2021.05.003,green,,,,OpenAlex,"(""volatility-managed portfolios"" OR ""volatility managed portfolios"" OR ""volatility targeting"" OR ""volatility timing"")","Ding, W., Mazouz, K., & Wang, Q. (2021). Volatility timing, sentiment, and the short-term profitability of VIX-based cross-sectional trading strategies. Journal of Empirical Finance, 63, 42–56. https://doi.org/10.1016/j.jempfin.2021.05.003",
internacional,E3,8,2021,Matthias Schnaubelt,Deep reinforcement learning for the optimal placement of cryptocurrency limit orders,European Journal of Operational Research,296,3,993-1006,articulo,A,5.6905,55,10.1016/j.ejor.2021.04.050,https://doi.org/10.1016/j.ejor.2021.04.050,green,,,,OpenAlex,"(bitcoin OR cryptocurrency OR cryptocurrencies OR ""crypto assets"") AND (portfolio OR diversification OR ""risk parity"" OR ""hierarchical risk parity"" OR ""portfolio optimization"")","Schnaubelt, M. (2022). Deep reinforcement learning for the optimal placement of cryptocurrency limit orders. European Journal of Operational Research, 296(3), 993–1006. https://doi.org/10.1016/j.ejor.2021.04.050",
internacional,E3,9,2021,Sofia Anyfantaki; Stelios Arvanitis; Nikolas Topaloglou,Diversification benefits in the cryptocurrency market under mild explosivity,European Journal of Operational Research,295,1,378-393,articulo,A,5.0522,32,10.1016/j.ejor.2021.02.058,https://doi.org/10.1016/j.ejor.2021.02.058,closed,,,,OpenAlex,"(bitcoin OR cryptocurrency OR cryptocurrencies OR ""crypto assets"") AND (portfolio OR diversification OR ""risk parity"" OR ""hierarchical risk parity"" OR ""portfolio optimization"")","Anyfantaki, S., Arvanitis, S., & Topaloglou, N. (2021). Diversification benefits in the cryptocurrency market under mild explosivity. European Journal of Operational Research, 295(1), 378–393. https://doi.org/10.1016/j.ejor.2021.02.058",
internacional,E3,10,2023,Eduardo Amorim Vilela de Salis; Leandro Maciel,How does price (in)efficiency influence cryptocurrency portfolios performance? The role of multifractality,Quantitative Finance,23,11,1637-1658,articulo,A,4.5748,15,10.1080/14697688.2023.2266448,https://doi.org/10.1080/14697688.2023.2266448,green,,,,OpenAlex,"(bitcoin OR cryptocurrency OR cryptocurrencies OR ""crypto assets"" OR ""digital assets"" OR ethereum) AND (volatility OR GARCH OR ""value at risk"" OR ""expected shortfall"" OR ""tail risk"")","de Salis, E. A. V., & dos Santos Maciel, L. (2023). How does price (in)efficiency influence cryptocurrency portfolios performance? The role of multifractality. Quantitative Finance, 23(11), 1637–1658. https://doi.org/10.1080/14697688.2023.2266448","This paper proposes a new investment strategy in the cryptocurrency market based on a two-step procedure. The first step is the computation of the asset's levels of efficiency in an universe of cryptocurrencies. Price returns efficiency degrees are measured by their corresponding levels of multifractality, obtained by the multifractal detrended fluctuation analysis method. The higher the multifractality, the higher the inefficiency in terms of the weak form of market efficiency. Cryptocurrencies are then ranked in terms of efficiency. The second step is the construction of portfolios under the Markowitz framework composed of the most/least efficient digital coins. Minimum variance, maximum Sharpe ratio, equally weighted and (in)efficient-based portfolios were considered. The former strategy is also proposed, where the weights are computed proportionally to the assets levels of (in)efficiency. The main findings are: cryptocurrency price returns are multifractal and their levels of (in)efficiency change over time; returns exhibit left-sided asymmetry, which implies that subsets of large fluctuations contribute substantially to the multifractal spectrum; in bull markets portfolios with the least efficiency assets provided a better risk–return relation; in periods of high volatility and high price depreciation (bear market) a better performance is associated with the portfolios composed by the more efficient cryptocurrencies."
internacional,E4,1,2026,Alexia Anastasopoulos; Nikola Gradojević; Fred Liu; Alex Maynard; Ilias Tsiakas,Order flow and cryptocurrency returns,Journal of Financial Markets,79,,101047-101047,articulo,A,18.2923,2,10.1016/j.finmar.2026.101047,https://doi.org/10.1016/j.finmar.2026.101047,hybrid,,,,OpenAlex,"(bitcoin OR cryptocurrency OR cryptocurrencies) AND (""machine learning"" OR ""deep learning"" OR ""neural network"" OR LSTM OR ""gradient boosting"" OR ""random forest"") AND (prediction OR forecasting OR predictability OR trading)","Anastasopoulos, A., Gradojevic, N., Liu, F., Maynard, A., & Tsiakas, I. (2026). Order flow and cryptocurrency returns. Journal of Financial Markets, 79, 101047. https://doi.org/10.1016/j.finmar.2026.101047","We assess the information content of order flow for the cross-section of cryptocurrency returns. Our analysis is based on a set of international order flows denominated in 11 major currencies that reflect world order flow. We find that world order flow has strong explanatory and predictive power for cryptocurrency returns. Order flow tends to dominate economic fundamentals for out-of-sample prediction, especially in the context of non-linear machine learning models, and its performance cannot be explained by limits to arbitrage. Overall, our findings indicate that order flow has a permanent effect on cryptocurrency returns."
internacional,E4,2,2021,Nikola Gradojević; Dragan Kukolj; Robert Adcock; Vladimir Dj. Djakovic,Forecasting Bitcoin with technical analysis: A not-so-random forest?,International Journal of Forecasting,39,1,1-17,articulo,A,13.7619,67,10.1016/j.ijforecast.2021.08.001,https://doi.org/10.1016/j.ijforecast.2021.08.001,closed,,,,OpenAlex,"(bitcoin OR cryptocurrency OR cryptocurrencies) AND (""machine learning"" OR ""deep learning"" OR ""neural network"" OR LSTM OR ""gradient boosting"" OR ""random forest"") AND (prediction OR forecasting OR predictability OR trading)","Gradojevic, N., Kukolj, D., Adcock, R., & Djakovic, V. (2023). Forecasting Bitcoin with technical analysis: A not-so-random forest? International Journal of Forecasting, 39(1), 1–17. https://doi.org/10.1016/j.ijforecast.2021.08.001",
internacional,E4,3,2025,Rebekka Buse; Konstantin Görgen; Melanie Schienle,Predicting value at risk for cryptocurrencies with generalized random forests,International Journal of Forecasting,41,3,1199-1222,articulo,A,7.5241,7,10.1016/j.ijforecast.2024.12.002,https://doi.org/10.1016/j.ijforecast.2024.12.002,hybrid,antecedentes/internacional/2025_Buse_Predicting_value_at_risk_for_cryptocurrencies_with_generaliz.pdf,,,OpenAlex,"(bitcoin OR cryptocurrency OR cryptocurrencies OR ""crypto assets"" OR ""digital assets"" OR ethereum) AND (volatility OR GARCH OR ""value at risk"" OR ""expected shortfall"" OR ""tail risk"")","Buse, R., Görgen, K., & Schienle, M. (2025). Predicting value at risk for cryptocurrencies with generalized random forests. International Journal of Forecasting, 41(3), 1199–1222. https://doi.org/10.1016/j.ijforecast.2024.12.002","We study the prediction of value at risk (VaR) for cryptocurrencies. In contrast to classic assets, returns of cryptocurrencies are often highly volatile and characterized by large fluctuations around single events. Analyzing a comprehensive set of 105 major cryptocurrencies, we show that generalized random forests (GRF) adapted to quantile prediction have superior performance over other established methods such as quantile regression, GARCH-type models, and CAViaR models. This advantage is especially pronounced in unstable times and for classes of highly volatile cryptocurrencies. Furthermore, we identify important predictors during such times and show their influence on forecasting over time. Moreover, a comprehensive simulation study indicates that the GRF methodology is at least on par with existing methods in VaR predictions for standard types of financial returns, and clearly superior in the cryptocurrency setup."
internacional,E4,4,2022,Johannes Jakubik; Abdolreza Nazemi; Andreas Geyer-Schulz; Frank J. Fabozzi,Incorporating financial news for forecasting Bitcoin prices based on long short-term memory networks,Quantitative Finance,23,2,335-349,articulo,A,2.6781,21,10.1080/14697688.2022.2130085,https://doi.org/10.1080/14697688.2022.2130085,closed,,,,OpenAlex,"(bitcoin OR cryptocurrency OR cryptocurrencies) AND (""machine learning"" OR ""deep learning"" OR ""neural network"" OR LSTM OR ""gradient boosting"" OR ""random forest"") AND (prediction OR forecasting OR predictability OR trading)","Jakubik, J., Nazemi, A., Geyer-Schulz, A., & Fabozzi, F. J. (2022). Incorporating financial news for forecasting Bitcoin prices based on long short-term memory networks. Quantitative Finance, 23(2), 335–349. https://doi.org/10.1080/14697688.2022.2130085","In this paper, we investigate how a deep learning machine learning model can be applied to improve Bitcoin price forecasting and trading by incorporating unstructured information from financial news. The two-stage model we propose that includes financial news significantly outperforms machine learning models without financial news. In the first stage, we leverage long short-term memory (LSTM) networks to extract structured information from financial news. In the second stage, we apply machine learning models with structured input from financial news to the prediction of Bitcoin prices. In addition to the superior performance relative to machine learning models without input from financial news, we find that the out-of-time rate of return attained with the proposed forecasting system is substantially higher than for a buy-and-hold strategy. Our study highlights how combining deep learning and financial news offers investors and traders support for the monetization of unstructured data in finance."
internacional,E4,5,2026,Weijia Xue; Chunyang Zhou,Predicting cryptocurrency returns with vision transformers: A look-ahead bias-free approach,Journal of Banking & Finance,190,,107750-107750,articulo,A,0.0,0,10.1016/j.jbankfin.2026.107750,https://doi.org/10.1016/j.jbankfin.2026.107750,closed,,,,OpenAlex,"(bitcoin OR cryptocurrency OR cryptocurrencies OR ""crypto assets"") AND (portfolio OR diversification OR ""risk parity"" OR ""hierarchical risk parity"" OR ""portfolio optimization"")","Xue, W., & Zhou, C. (2026). Predicting cryptocurrency returns with vision transformers: A look-ahead bias-free approach. Journal of Banking &Amp; Finance, 190, 107750. https://doi.org/10.1016/j.jbankfin.2026.107750",
internacional,E4,6,2026,Clara Vega; Dacheng Xiu; Liyan Yang,The AI and machine learning revolution in financial markets,Journal of Financial Markets,79,,101059-101059,articulo,A,0.0,0,10.1016/j.finmar.2026.101059,https://doi.org/10.1016/j.finmar.2026.101059,closed,,,,OpenAlex,"(bitcoin OR cryptocurrency OR cryptocurrencies) AND (""machine learning"" OR ""deep learning"" OR ""neural network"" OR LSTM OR ""gradient boosting"" OR ""random forest"") AND (prediction OR forecasting OR predictability OR trading)","Vega, C., Xiu, D., & Yang, L. (2026). The AI and machine learning revolution in financial markets. Journal of Financial Markets, 79, 101059. https://doi.org/10.1016/j.finmar.2026.101059",
internacional,E5,1,2024,Shimon Kogan; Igor Makarov; Marina Niessner; Antoinette Schoar,Are cryptos different? Evidence from retail trading,Journal of Financial Economics,159,,103897-103897,articulo,A,28.1531,76,10.1016/j.jfineco.2024.103897,https://doi.org/10.1016/j.jfineco.2024.103897,hybrid,antecedentes/internacional/2024_Kogan_Are_cryptos_different_Evidence_from_retail_trading.pdf,,,OpenAlex,"(bitcoin OR cryptocurrency OR cryptocurrencies OR ""crypto assets"") AND (""risk factors"" OR ""cross-section"" OR momentum OR ""asset pricing"" OR ""return predictability"" OR ""market efficiency"")","Kogan, S., Makarov, I., Niessner, M., & Schoar, A. (2024). Are cryptos different? Evidence from retail trading. Journal of Financial Economics, 159, 103897. https://doi.org/10.1016/j.jfineco.2024.103897","Trading in cryptocurrencies grew rapidly over the last decade, dominated by retail investors. Using data from eToro, we show that retail traders are contrarian in stocks and gold, yet the same traders follow a momentum-like strategy in cryptocurrencies. The differences are not explained by individual characteristics, investor composition, inattention, differences in fees, or preference for lottery-like assets. We conjecture that retail investors have a model where cryptocurrency price changes affect the likelihood of future widespread adoption, which leads them to further update their price expectations in the same direction."
internacional,E5,2,2026,Nicola Borri; Yukun Liu; Aleh Tsyvinski; Xi Wu,Cryptocurrency as an Investable Asset Class: Coming of Age,Annual Review of Financial Economics,,,,articulo,A,21.5143,2,10.1146/annurev-financial-111524-010949,https://doi.org/10.1146/annurev-financial-111524-010949,green,,,,OpenAlex,"(bitcoin OR cryptocurrency OR cryptocurrencies OR ""crypto assets"") AND (""risk factors"" OR ""cross-section"" OR momentum OR ""asset pricing"" OR ""return predictability"" OR ""market efficiency"")","Borri, N., Liu, Y., Tsyvinski, A., & Wu, X. (2026). Cryptocurrency as an Investable Asset Class: Coming of Age. Annual Review of Financial Economics. https://doi.org/10.1146/annurev-financial-111524-010949","We organize existing empirical regularities of cryptocurrencies into seven stylized facts and analyze cryptocurrencies through the lens of empirical asset pricing. We find important similarities with traditional markets--risk-adjusted performance so far is broadly comparable, and the cross-section of returns can be summarized by a small set of factors. However, cryptocurrency also has its own distinct character: jumps are frequent and large, and blockchain information helps drive prices. This common set of stylized facts provides evidence that cryptocurrency is emerging as an investable asset class. Additionally, we discuss potential data quality issues and possible changes in future regulations and the cryptocurrency environment."
internacional,E5,3,2025,Christian Fieberg; Gerrit Liedtke; Thorsten Poddig; Thomas John Walker; Adam Zaremba,A Trend Factor for the Cross Section of Cryptocurrency Returns,Journal of Financial and Quantitative Analysis,60,7,3116-3153,articulo,A,20.3045,19,10.1017/s0022109024000747,https://doi.org/10.1017/s0022109024000747,hybrid,antecedentes/internacional/2025_Fieberg_A_Trend_Factor_for_the_Cross_Section_of_Cryptocurrency_Retur.pdf,,,OpenAlex,"(bitcoin OR cryptocurrency OR cryptocurrencies OR ""crypto assets"") AND (""risk factors"" OR ""cross-section"" OR momentum OR ""asset pricing"" OR ""return predictability"" OR ""market efficiency"")","Fieberg, C., Liedtke, G., Poddig, T., Walker, T., & Zaremba, A. (2025). A Trend Factor for the Cross Section of Cryptocurrency Returns. Journal of Financial and Quantitative Analysis, 60(7), 3116–3153. https://doi.org/10.1017/s0022109024000747","Abstract We propose CTREND, a new trend factor for cryptocurrency returns, which aggregates price and volume information across different time horizons. Using data on more than 3,000 coins, we employ machine learning methods to exploit information from various technical indicators. The resulting signal reliably predicts cryptocurrency returns. The effect cannot be subsumed by known factors and remains robust across different subperiods, market states, and alternative research designs. Moreover, it survives the impact of transaction costs and persists in big and liquid coins. Finally, an asset pricing model that incorporates CTREND outperforms competing factor models, providing a superior explanation of cryptocurrency returns."
internacional,E5,4,2024,Mahendrarajah Nimalendran; Praveen Pathak; Mariia Petryk; Liangfei Qiu,Informational Efficiency of Cryptocurrency Markets,Journal of Financial and Quantitative Analysis,60,3,1427-1456,articulo,A,11.9955,20,10.1017/s0022109024000310,https://doi.org/10.1017/s0022109024000310,hybrid,antecedentes/internacional/2024_Nimalendran_Informational_Efficiency_of_Cryptocurrency_Markets.pdf,,,OpenAlex,"(bitcoin OR cryptocurrency OR cryptocurrencies OR ""crypto assets"") AND (""risk factors"" OR ""cross-section"" OR momentum OR ""asset pricing"" OR ""return predictability"" OR ""market efficiency"")","Nimalendran, M., Pathak, P., Petryk, M., & Qiu, L. (2024). Informational Efficiency of Cryptocurrency Markets. Journal of Financial and Quantitative Analysis, 60(3), 1427–1456. https://doi.org/10.1017/s0022109024000310","Abstract This study employs variance ratios (VRs) to assess the roles of regulation and liquidity on cryptocurrency market efficiency, focusing on crypto-assets subject to varying degrees of regulation. Our findings reveal that cryptocurrencies supervised by FinCEN-licensed exchanges (IEO-L) exhibit market efficiency similar to SEC-regulated traditional stock offerings (IPOs). Conversely, noncompliant crypto-assets display higher market inefficiency. We also establish a connection between regulatory compliance and issuing entity reputation mechanisms. Our results indicate that compliance with existing regulatory norms enhances efficiency and reduces investor risks in crypto-assets. Furthermore, assets voluntarily adhering to regulatory norms can attain efficiency akin to government-regulated assets."
internacional,E5,5,2022,Daniele Bianchi; Mykola Babiak; Alexander Dickerson,Trading volume and liquidity provision in cryptocurrency markets,Journal of Banking & Finance,142,,106547-106547,articulo,A,11.7578,79,10.1016/j.jbankfin.2022.106547,https://doi.org/10.1016/j.jbankfin.2022.106547,closed,,,,OpenAlex,"(bitcoin OR cryptocurrency OR cryptocurrencies OR ""crypto assets"" OR ""digital assets"" OR ethereum) AND (volatility OR GARCH OR ""value at risk"" OR ""expected shortfall"" OR ""tail risk"")","Bianchi, D., Babiak, M., & Dickerson, A. (2022). Trading volume and liquidity provision in cryptocurrency markets. Journal of Banking &Amp; Finance, 142, 106547. https://doi.org/10.1016/j.jbankfin.2022.106547",
internacional,E5,6,2022,Nicola Borri; Kirill Shakhnov,The Cross-Section of Cryptocurrency Returns,The Review of Asset Pricing Studies,12,3,667-705,articulo,A,11.5516,85,10.1093/rapstu/raac007,https://doi.org/10.1093/rapstu/raac007,closed,,,,OpenAlex,"(bitcoin OR cryptocurrency OR cryptocurrencies OR ""crypto assets"") AND (""risk factors"" OR ""cross-section"" OR momentum OR ""asset pricing"" OR ""return predictability"" OR ""market efficiency"")","Borri, N., & Shakhnov, K. (2022). The Cross-Section of Cryptocurrency Returns. The Review of Asset Pricing Studies, 12(3), 667–705. https://doi.org/10.1093/rapstu/raac007","Abstract At a given point in time, bitcoin prices are different on exchanges located in different countries, or against different currencies. While existing literature attributes the largest price differences to frictions, like market segmentation, trading platforms advertize how to execute trades based on this information. We provide a novel risk-based explanation of these price differences for a sample containing the most reputable exchanges and after accounting for all transaction costs and limitations to trade. Bitcoin prices for more expensive pairs are riskier because they depreciate more in bad times for cryptocurrency investors, when aggregate liquidity and investor sentiment are lower. (JEL G12, G14, G15, F31)."
internacional,E5,7,2021,Jui‐Cheng Hung; Hung‐Chun Liu; J. Jimmy Yang,Trading activity and price discovery in Bitcoin futures markets,Journal of Empirical Finance,62,,107-120,articulo,A,10.3252,52,10.1016/j.jempfin.2021.03.001,https://doi.org/10.1016/j.jempfin.2021.03.001,closed,,,,OpenAlex,"(bitcoin OR cryptocurrency OR cryptocurrencies OR ""crypto assets"") AND (""risk factors"" OR ""cross-section"" OR momentum OR ""asset pricing"" OR ""return predictability"" OR ""market efficiency"")","Hung, J.-C., Liu, H.-C., & Yang, J. J. (2021). Trading activity and price discovery in Bitcoin futures markets. Journal of Empirical Finance, 62, 107–120. https://doi.org/10.1016/j.jempfin.2021.03.001",
internacional,E5,8,2023,Tommy Crépellière; Matthias Pelster; Stefan Zeisberger,Arbitrage in the market for cryptocurrencies,Journal of Financial Markets,64,,100817-100817,articulo,A,8.9738,37,10.1016/j.finmar.2023.100817,https://doi.org/10.1016/j.finmar.2023.100817,hybrid,,,,OpenAlex,"(bitcoin OR cryptocurrency OR cryptocurrencies OR ""crypto assets"") AND (""risk factors"" OR ""cross-section"" OR momentum OR ""asset pricing"" OR ""return predictability"" OR ""market efficiency"")","Crépellière, T., Pelster, M., & Zeisberger, S. (2023). Arbitrage in the market for cryptocurrencies. Journal of Financial Markets, 64, 100817. https://doi.org/10.1016/j.finmar.2023.100817","Arbitrage opportunities in markets for cryptocurrencies are well-documented. In this paper, we confirm that they exist; however, their magnitude decreased greatly from April 2018 onward. Analyzing various trading strategies, we show that it is barely possible to exploit existing price differences since then. We discuss and test several mechanisms that may be responsible for the increased market efficiency and find that informed trading is correlated with a reduction in arbitrage opportunities."
internacional,E5,9,2022,Daniele Bianchi; Mykola Babiak,On the performance of cryptocurrency funds,Journal of Banking & Finance,138,,106467-106467,articulo,A,8.6637,60,10.1016/j.jbankfin.2022.106467,https://doi.org/10.1016/j.jbankfin.2022.106467,closed,,,,OpenAlex,"(bitcoin OR cryptocurrency OR cryptocurrencies OR ""crypto assets"") AND (""risk factors"" OR ""cross-section"" OR momentum OR ""asset pricing"" OR ""return predictability"" OR ""market efficiency"")","Bianchi, D., & Babiak, M. (2022). On the performance of cryptocurrency funds. Journal of Banking &Amp; Finance, 138, 106467. https://doi.org/10.1016/j.jbankfin.2022.106467",
internacional,E5,10,2023,Charlie Xiaowu Cai; Ran Zhao,Salience theory and cryptocurrency returns,Journal of Banking & Finance,159,,107052-107052,articulo,A,8.2394,34,10.1016/j.jbankfin.2023.107052,https://doi.org/10.1016/j.jbankfin.2023.107052,hybrid,,,,OpenAlex,"(bitcoin OR cryptocurrency OR cryptocurrencies OR ""crypto assets"") AND (""risk factors"" OR ""cross-section"" OR momentum OR ""asset pricing"" OR ""return predictability"" OR ""market efficiency"")","Cai, C. X., & Zhao, R. (2024). Salience theory and cryptocurrency returns. Journal of Banking &Amp; Finance, 159, 107052. https://doi.org/10.1016/j.jbankfin.2023.107052","The salience theory of choice under risk shows that investor behavior drives cross-sectional cryptocurrency returns. Investors place too much weight on salient payouts, causing overvaluation of cryptocurrencies with upward salience returns and undervaluation of those with downward salience returns, leading to negative expected returns for the former and positive expected returns for the latter. The salience effect in the cryptocurrency market is more pronounced than in equity markets, making it a significant risk factor for explaining other cross-sectional returns in the cryptocurrency market. Unlike other documented return predictors, the salience theory uniquely contributes to understanding the cryptocurrency market."
internacional,E6,1,2023,Theis Ingerslev Jensen; Bryan P. Kelly; Lasse Heje Pedersen,Is There a Replication Crisis in Finance?,The Journal of Finance,78,5,2465-2518,articulo,A,110.4892,503,10.1111/jofi.13249,https://doi.org/10.1111/jofi.13249,hybrid,,,,OpenAlex,"(""backtest overfitting"" OR ""multiple testing"" OR ""data snooping"" OR ""replication crisis"" OR ""false discoveries"" OR ""deflated Sharpe"" OR ""p-hacking"") AND (finance OR returns OR trading OR investment OR factors OR anomalies)","JENSEN, T. I., KELLY, B., & PEDERSEN, L. H. (2023). Is There a Replication Crisis in Finance? The Journal of Finance, 78(5), 2465–2518. Portico. https://doi.org/10.1111/jofi.13249","ABSTRACT Several papers argue that financial economics faces a replication crisis because the majority of studies cannot be replicated or are the result of multiple testing of too many factors. We develop and estimate a Bayesian model of factor replication that leads to different conclusions. The majority of asset pricing factors (i) can be replicated; (ii) can be clustered into 13 themes, the majority of which are significant parts of the tangency portfolio; (iii) work out‐of‐sample in a new large data set covering 93 countries; and (iv) have evidence that is strengthened (not weakened) by the large number of observed factors."
internacional,E6,2,2021,Campbell R. Harvey; Yan Liu,Lucky factors,Journal of Financial Economics,141,2,413-435,articulo,A,22.01,159,10.1016/j.jfineco.2021.04.014,https://doi.org/10.1016/j.jfineco.2021.04.014,closed,,,,OpenAlex,"(""backtest overfitting"" OR ""multiple testing"" OR ""data snooping"" OR ""replication crisis"" OR ""false discoveries"" OR ""deflated Sharpe"" OR ""p-hacking"") AND (finance OR returns OR trading OR investment OR factors OR anomalies)","Harvey, C. R., & Liu, Y. (2021). Lucky factors. Journal of Financial Economics, 141(2), 413–435. https://doi.org/10.1016/j.jfineco.2021.04.014",
internacional,E6,3,2022,Ruodu Wang; Aaditya Ramdas,False Discovery Rate Control with E-values,Journal of the Royal Statistical Society Series B (Statistical Methodology),84,3,822-852,articulo,A,12.962,83,10.1111/rssb.12489,https://doi.org/10.1111/rssb.12489,closed,,,,OpenAlex,"(""backtest overfitting"" OR ""multiple testing"" OR ""data snooping"" OR ""replication crisis"" OR ""false discoveries"" OR ""deflated Sharpe"" OR ""p-hacking"") AND (finance OR returns OR trading OR investment OR factors OR anomalies)","Wang, R., & Ramdas, A. (2022). False Discovery Rate Control with E-values. Journal of the Royal Statistical Society Series B: Statistical Methodology, 84(3), 822–852. https://doi.org/10.1111/rssb.12489","Abstract E-values have gained attention as potential alternatives to p-values as measures of uncertainty, significance and evidence. In brief, e-values are realized by random variables with expectation at most one under the null; examples include betting scores, (point null) Bayes factors, likelihood ratios and stopped supermartingales. We design a natural analogue of the Benjamini-Hochberg (BH) procedure for false discovery rate (FDR) control that utilizes e-values, called the e-BH procedure, and compare it with the standard procedure for p-values. One of our central results is that, unlike the usual BH procedure, the e-BH procedure controls the FDR at the desired level—with no correction—for any dependence structure between the e-values. We illustrate that the new procedure is convenient in various settings of complicated dependence, structured and post-selection hypotheses, and multi-armed bandit problems. Moreover, the BH procedure is a special case of the e-BH procedure through calibration between p-values and e-values. Overall, the e-BH procedure is a novel, powerful and general tool for multiple testing under dependence, that is complementary to the BH procedure, each being an appropriate choice in different applications."
internacional,E6,4,2021,Guido Baltussen; Laurens A. P. Swinkels; Pim van Vliet,Global factor premiums,Journal of Financial Economics,142,3,1128-1154,articulo,A,12.7667,75,10.1016/j.jfineco.2021.06.030,https://doi.org/10.1016/j.jfineco.2021.06.030,hybrid,,,,OpenAlex,"(""backtest overfitting"" OR ""multiple testing"" OR ""data snooping"" OR ""replication crisis"" OR ""false discoveries"" OR ""deflated Sharpe"" OR ""p-hacking"") AND (finance OR returns OR trading OR investment OR factors OR anomalies)","Baltussen, G., Swinkels, L., & Van Vliet, P. (2021). Global factor premiums. Journal of Financial Economics, 142(3), 1128–1154. https://doi.org/10.1016/j.jfineco.2021.06.030","We examine 24 global factor premiums across equity, bond, commodity, and currency markets via replication and out-of-sample evidence between 1800 and 2016. Replication yields ambiguous evidence within a unified testing framework that accounts for p-hacking. Out-of-sample tests reveal strong and robust presence of the large majority of global factor premiums, with limited out-of-sample decay of the premiums. We find global factor premiums to be generally unrelated to market, downside, or macroeconomic risks in the 217 years of data. These results reveal significant global factor premiums that present a challenge to traditional asset pricing theories."
internacional,E6,5,2021,Andrew Y. Chen,The Limits of p ‐Hacking: Some Thought Experiments,The Journal of Finance,76,5,2447-2480,articulo,A,8.5667,60,10.1111/jofi.13036,https://doi.org/10.1111/jofi.13036,closed,,,,OpenAlex,"(""backtest overfitting"" OR ""multiple testing"" OR ""data snooping"" OR ""replication crisis"" OR ""false discoveries"" OR ""deflated Sharpe"" OR ""p-hacking"") AND (finance OR returns OR trading OR investment OR factors OR anomalies)","CHEN, A. Y. (2021). The Limits of p ‐Hacking: Some Thought Experiments. The Journal of Finance, 76(5), 2447–2480. Portico. https://doi.org/10.1111/jofi.13036","ABSTRACT Suppose that the 300+ published asset pricing factors are all spurious. How much p ‐hacking is required to produce these factors? If 10,000 researchers generate eight factors every day, it takes hundreds of years. This is because dozens of published t ‐statistics exceed 6.0, while the corresponding p ‐value is infinitesimal, implying an astronomical amount of p ‐hacking in a general model. More structure implies that p ‐hacking cannot address 100 published t ‐statistics that exceed 4.0, as they require an implausibly nonlinear preference for t ‐statistics or even more p ‐hacking. These results imply that mispricing, risk, and/or frictions have a key role in stock returns."
internacional,E6,6,2026,Rina Foygel Barber; Richard J. Samworth,False discovery rate control with compound p-values,Journal of the Royal Statistical Society Series B (Statistical Methodology),,,,articulo,A,7.8102,1,10.1093/jrsssb/qkag116,https://doi.org/10.1093/jrsssb/qkag116,hybrid,,,,OpenAlex,"(""backtest overfitting"" OR ""multiple testing"" OR ""data snooping"" OR ""replication crisis"" OR ""false discoveries"" OR ""deflated Sharpe"" OR ""p-hacking"") AND (finance OR returns OR trading OR investment OR factors OR anomalies)","Barber, R. F., & Samworth, R. J. (2026). False discovery rate control with compound p-values. Journal of the Royal Statistical Society Series B: Statistical Methodology. https://doi.org/10.1093/jrsssb/qkag116","Abstract In the setting of multiple testing, compound p-values generalize p-values by asking for superuniformity to hold only on average across all true nulls. We study the properties of the Benjamini–Hochberg procedure applied to compound p-values. Under independence, we show that the false discovery rate (FDR) is at most 1.93α, where α is the nominal level, and exhibit a distribution for which the FDR is 76α. If additionally all nulls are true, then the upper bound can be improved to α+2α2, with a corresponding worst-case lower bound of α+α2/4. Under positive dependence, on the other hand, we demonstrate that FDR can be inflated by a factor of O(logm), where m is the number of hypotheses. We provide numerous examples of settings where compound p-values arise in practice, either because we lack sufficient information to compute non-trivial p-values, or to facilitate a more powerful analysis."
internacional,E6,7,2021,Zhonghua Liu; Jincheng Shen; Richard Barfield; Joel David Schwartz; Andrea Baccarelli; Xihong Lin,Large-Scale Hypothesis Testing for Causal Mediation Effects with Applications in Genome-wide Epigenetic Studies,Journal of the American Statistical Association,117,537,67-81,articulo,A,5.4051,100,10.1080/01621459.2021.1914634,https://doi.org/10.1080/01621459.2021.1914634,green,,,,OpenAlex,"(""backtest overfitting"" OR ""multiple testing"" OR ""data snooping"" OR ""replication crisis"" OR ""false discoveries"" OR ""deflated Sharpe"" OR ""p-hacking"") AND (finance OR returns OR trading OR investment OR factors OR anomalies)","Liu, Z., Shen, J., Barfield, R., Schwartz, J., Baccarelli, A. A., & Lin, X. (2021). Large-Scale Hypothesis Testing for Causal Mediation Effects with Applications in Genome-wide Epigenetic Studies. Journal of the American Statistical Association, 117(537), 67–81. https://doi.org/10.1080/01621459.2021.1914634","In genome-wide epigenetic studies, it is of great scientific interest to assess whether the effect of an exposure on a clinical outcome is mediated through DNA methylations. However, statistical inference for causal mediation effects is challenged by the fact that one needs to test a large number of composite null hypotheses across the whole epigenome. Two popular tests, the Wald-type Sobel's test and the joint significant test using the traditional null distribution are underpowered and thus can miss important scientific discoveries. In this paper, we show that the null distribution of Sobel's test is not the standard normal distribution and the null distribution of the joint significant test is not uniform under the composite null of no mediation effect, especially in finite samples and under the singular point null case that the exposure has no effect on the mediator and the mediator has no effect on the outcome. Our results explain why these two tests are underpowered, and more importantly motivate us to develop a more powerful Divide-Aggregate Composite-null Test (DACT) for the composite null hypothesis of no mediation effect by leveraging epigenome-wide data. We adopted Efron's empirical null framework for assessing statistical significance of the DACT test. We showed analytically that the proposed DACT method had improved power, and could well control type I error rate. Our extensive simulation studies showed that, in finite samples, the DACT method properly controlled the type I error rate and outperformed Sobel's test and the joint significance test for detecting mediation effects. We applied the DACT method to the US Department of Veterans Affairs Normative Aging Study, an ongoing prospective cohort study which included men who were aged 21 to 80 years at entry. We identified multiple DNA methylation CpG sites that might mediate the effect of smoking on lung function with effect sizes ranging from -0.18 to -0.79 and false discovery rate controlled at level 0.05, including the CpG sites in the genes AHRR and F2RL3. Our sensitivity analysis found small residual correlations (less than 0.01) of the error terms between the outcome and mediator regressions, suggesting that our results are robust to unmeasured confounding factors."
internacional,E6,8,2021,N. T. J. Bailey; George Kapetanios; M. Hashem Pesaran,Measurement of factor strength: Theory and practice,Journal of Applied Econometrics,36,5,587-613,articulo,A,5.2718,44,10.1002/jae.2830,https://doi.org/10.1002/jae.2830,hybrid,,,,OpenAlex,"(""backtest overfitting"" OR ""multiple testing"" OR ""data snooping"" OR ""replication crisis"" OR ""false discoveries"" OR ""deflated Sharpe"" OR ""p-hacking"") AND (finance OR returns OR trading OR investment OR factors OR anomalies)","Bailey, N., Kapetanios, G., & Pesaran, M. H. (2021). Measurement of factor strength: Theory and practice. Journal of Applied Econometrics, 36(5), 587–613. Portico. https://doi.org/10.1002/jae.2830","Abstract This paper proposes an estimator of factor strength and establishes its consistency and asymptotic distribution. The estimator is based on the number of statistically significant factor loadings, taking multiple testing into account. Both cases of observed and unobserved factors are considered. The small sample properties of the proposed estimator are investigated using Monte Carlo experiments. It is shown that the proposed estimation and inference procedures perform well and have excellent power properties, especially when the factor strength is sufficiently high. Empirical applications to factor models for asset returns show that out of 146 factors recently considered in the finance literature, only the market factor is truly strong, while all other factors are at best semi‐strong, with their strength varying considerably over time. Similarly, we only find evidence of semi‐strong factors using a large number of US macroeconomic indicators."
internacional,E6,9,2022,Chulwoo Han; Zhaodong He; Alenson Jun Wei Toh,Pairs trading via unsupervised learning,European Journal of Operational Research,307,2,929-947,articulo,A,5.165,33,10.1016/j.ejor.2022.09.041,https://doi.org/10.1016/j.ejor.2022.09.041,closed,,,,OpenAlex,"(""backtest overfitting"" OR ""multiple testing"" OR ""data snooping"" OR ""replication crisis"" OR ""false discoveries"" OR ""deflated Sharpe"" OR ""p-hacking"") AND (finance OR returns OR trading OR investment OR factors OR anomalies)","Han, C., He, Z., & Toh, A. J. W. (2023). Pairs trading via unsupervised learning. European Journal of Operational Research, 307(2), 929–947. https://doi.org/10.1016/j.ejor.2022.09.041",
internacional,E6,10,2022,Bidisha Chakrabarty; Roberto Pascual,Stock liquidity and algorithmic market making during the COVID-19 crisis,Journal of Banking & Finance,147,,106415-106415,articulo,A,4.9507,28,10.1016/j.jbankfin.2022.106415,https://doi.org/10.1016/j.jbankfin.2022.106415,closed,,,,OpenAlex,"(""backtest overfitting"" OR ""multiple testing"" OR ""data snooping"" OR ""replication crisis"" OR ""false discoveries"" OR ""deflated Sharpe"" OR ""p-hacking"") AND (finance OR returns OR trading OR investment OR factors OR anomalies)","Chakrabarty, B., & Pascual, R. (2023). Stock liquidity and algorithmic market making during the COVID-19 crisis. Journal of Banking &Amp; Finance, 147, 106415. https://doi.org/10.1016/j.jbankfin.2022.106415",
internacional,E7,1,2022,Igor Makarov; Antoinette Schoar,Cryptocurrencies and Decentralized Finance (DeFi),Brookings Papers on Economic Activity,2022,1,141-215,articulo,A,26.7065,114,10.1353/eca.2022.0014,https://doi.org/10.1353/eca.2022.0014,hybrid,antecedentes/internacional/2022_Makarov_Cryptocurrencies_and_Decentralized_Finance_DeFi.pdf,,,OpenAlex,"(cryptocurrency OR cryptocurrencies OR bitcoin OR ""crypto assets"" OR ""decentralized finance"" OR DeFi OR stablecoin OR stablecoins) AND (regulation OR adoption OR ""financial stability"" OR ""decentralized finance"" OR stablecoins)","Makarov, I., & Schoar, A. (2022). Cryptocurrencies and Decentralized Finance (DeFi). Brookings Papers on Economic Activity, 2022(1), 141–215. https://doi.org/10.1353/eca.2022.0014","The paper provides an overview of cryptocurrencies and decen tralized finance (DeFi).The discussion lays out potential benefits and challenges of the new system and presents a comparison to the traditional system offinancialintermediation.OuranalysishighlightsthatwhiletheDeFiarchitecture might have the potential to reduce transaction costs, similar to the traditionalfinancialsystem,thereareseverallayerswhererentscanaccumulatedue toendogenousconstraintstocompetition.Weshowthatthepermissionlessand pseudonymousdesignofDeFigenerateschallengesforenforcingtaxcomplianceandanti-moneylaunderinglawsandpreventingfinancialmalfeasance.WehighlightwaystoregulatetheDeFisystemwhichwouldpreserveamajority ofbenefitsoftheunderlyingblockchainarchitecturebutsupportaccountability andregulatorycompliance.T hefinancialsystemperformsawidearrayoffunctionsthatareimportant foreconomicgrowthandstability,suchasallocatingresourcestotheir most productive use, moving capital from agents with surpluses to those withdeficits,andprovidingefficientmeansformovingwealthacrosstime andstates.1 Toachievethesegoals,theUSfinancialsystem,andsimilarly most other countries, has traditionally relied on a set of intermediaries such asbanks,brokers,andexchangesthatareconnectedbypaymentsystems.These intermediaries serve as centralized nodes that guard the access to 1. See,forexample,Merton(1995)orAllen,Carletti,andGu(2019)."
internacional,E7,2,2023,Bruno Biais; Agostino Capponi; Lin William Cong; Vishal Gaur; Kay Giesecke,Advances in Blockchain and Crypto Economics,Management Science,69,11,6417-6426,articulo,A,23.6834,59,10.1287/mnsc.2023.intro.v69.n11,https://doi.org/10.1287/mnsc.2023.intro.v69.n11,closed,,,,OpenAlex,"(cryptocurrency OR cryptocurrencies OR bitcoin OR ""crypto assets"" OR ""decentralized finance"" OR DeFi OR stablecoin OR stablecoins) AND (regulation OR adoption OR ""financial stability"" OR ""decentralized finance"" OR stablecoins)","Biais, B., Capponi, A., Cong, L. W., Gaur, V., & Giesecke, K. (2023). Advances in Blockchain and Crypto Economics. Management Science, 69(11), 6417–6426. https://doi.org/10.1287/mnsc.2023.intro.v69.n11","Over the past decade, blockchains and cryptocurrencies have taken a central stage in financial technology (FinTech) innovation. In 2020–2021, as the academic finance and management community began actively investigating this domain, we issued a call for papers for a special issue to encourage interdisciplinary research in this emerging area. This section of Management Science presents the first systematic collection of knowledge, both theoretical and empirical, focusing on blockchain economics, crypto assets, decentralized finance, and Web3 ecosystems. We describe the editorial protocol employed for this special issue (now included in this volume as a special section), summarize what we learn about the field, and introduce the 15 articles included in the special section. We also offer several observations to highlight foundational issues in the new field and to guide future research in this exciting new area at the intersection of technology and finance."
internacional,E7,3,2025,Shirui Wang; Nieyan Cheng; Tianyang Zhang,Wash trading and insider sales in NFT markets,Journal of Banking & Finance,180,,107529-107529,articulo,A,23.6484,2,10.1016/j.jbankfin.2025.107529,https://doi.org/10.1016/j.jbankfin.2025.107529,closed,,,,OpenAlex,"(cryptocurrency OR cryptocurrencies OR bitcoin OR ""crypto assets"" OR ""decentralized finance"" OR DeFi OR stablecoin OR stablecoins) AND (regulation OR adoption OR ""financial stability"" OR ""decentralized finance"" OR stablecoins)","Wang, S., Cheng, N., & Zhang, T. (2025). Wash trading and insider sales in NFT markets. Journal of Banking &Amp; Finance, 180, 107529. https://doi.org/10.1016/j.jbankfin.2025.107529",
internacional,E7,4,2022,Franz J. Hinzen; Kose John; Fahad Saleh,Bitcoin’s limited adoption problem,Journal of Financial Economics,144,2,347-369,articulo,A,22.325,99,10.1016/j.jfineco.2022.01.003,https://doi.org/10.1016/j.jfineco.2022.01.003,closed,,,,OpenAlex,"(cryptocurrency OR cryptocurrencies OR bitcoin OR ""crypto assets"" OR ""decentralized finance"" OR DeFi OR stablecoin OR stablecoins) AND (regulation OR adoption OR ""financial stability"" OR ""decentralized finance"" OR stablecoins)","Hinzen, F. J., John, K., & Saleh, F. (2022). Bitcoin’s limited adoption problem. Journal of Financial Economics, 144(2), 347–369. https://doi.org/10.1016/j.jfineco.2022.01.003",
internacional,E7,5,2023,Andreas Park,The Conceptual Flaws of Decentralized Automated Market Making,Management Science,69,11,6731-6751,articulo,A,17.9477,83,10.1287/mnsc.2021.02802,https://doi.org/10.1287/mnsc.2021.02802,closed,,,,OpenAlex,"(cryptocurrency OR cryptocurrencies OR bitcoin OR ""crypto assets"" OR ""decentralized finance"" OR DeFi OR stablecoin OR stablecoins) AND (regulation OR adoption OR ""financial stability"" OR ""decentralized finance"" OR stablecoins)","Park, A. (2023). The Conceptual Flaws of Decentralized Automated Market Making. Management Science, 69(11), 6731–6751. https://doi.org/10.1287/mnsc.2021.02802","Decentralized exchanges (DEXs) are an essential component of the nascent decentralized finance (DeFi) ecosystem. The most common DEXs are so-called automated market makers (AMMs): smart contracts that pool liquidity and process trades as atomic swaps of tokens. AMMs price transactions with a deterministic liquidity invariance rule that only uses the AMM’s token deposits as inputs and that has no precedent in traditional finance. Yet, in the context of transparent and open blockchain operations, any liquidity invariance pricing function allows so-called sandwich attacks (akin to front running) that increase the cost of trading and threaten the long-term viability of the DeFi ecosystem. Invariance pricing is also not regret free. Linear pricing rules have similar problems except for uniform pricing, which has regret-free prices and limits sandwich attack profits but which invites excessive order splitting. Comparing trading costs using a model of liquidity provision, constant product pricing is often cheaper except when the variance of the underlying asset is small or when the order is large. This paper was accepted by Will Cong, Special Section of Management Science: Blockchains and Crypto Economics. Funding: A. Park received financial support from the Global Risk Institute and the Social Sciences and Humanities Research Council of Canada [Grant 435-2017-0647]. Supplemental Material: The data files are available at https://doi.org/10.1287/mnsc.2021.02802 ."
internacional,E7,6,2026,Angelo Ranaldo; Ganesh Viswanath-Natraj; Junxuan Wang,Blockchain Currency Markets,Journal of Financial and Quantitative Analysis,,,1-30,articulo,A,17.8952,5,10.1017/s0022109026102841,https://doi.org/10.1017/s0022109026102841,hybrid,antecedentes/internacional/2026_Ranaldo_Blockchain_Currency_Markets.pdf,,,OpenAlex,"(cryptocurrency OR cryptocurrencies OR bitcoin OR ""crypto assets"" OR ""decentralized finance"" OR DeFi OR stablecoin OR stablecoins) AND (regulation OR adoption OR ""financial stability"" OR ""decentralized finance"" OR stablecoins)","Ranaldo, A., Viswanath-Natraj, G., & Wang, J. (2026). Blockchain Currency Markets. Journal of Financial and Quantitative Analysis, 1–30. https://doi.org/10.1017/s0022109026102841","Abstract We conduct the first comprehensive study of blockchain currencies—stablecoins pegged to fiat currencies and traded on decentralized exchanges (DEXs). Using transaction-level data linked to wallet characteristics, we show that prices in these markets are generally efficient, though constrained by blockchain frictions such as gas fees and Ether volatility. DEX rates closely track traditional currency markets through arbitrage and informed trading. Traders with substantial market share and access to primary markets exert greater price impact, reflecting informational advantages. While blockchain markets may improve access for customers excluded from traditional venues, their scalability depends on addressing frictions inherent to decentralized trading."
internacional,E7,7,2023,Kose John; Leonid Kogan; Fahad Saleh,Smart Contracts and Decentralized Finance,Annual Review of Financial Economics,15,1,523-542,revision,A,9.219,95,10.1146/annurev-financial-110921-022806,https://doi.org/10.1146/annurev-financial-110921-022806,hybrid,,,,OpenAlex,"(cryptocurrency OR cryptocurrencies OR bitcoin OR ""crypto assets"" OR ""decentralized finance"" OR DeFi OR stablecoin OR stablecoins) AND (regulation OR adoption OR ""financial stability"" OR ""decentralized finance"" OR stablecoins)","John, K., Kogan, L., & Saleh, F. (2023). Smart Contracts and Decentralized Finance. Annual Review of Financial Economics, 15(1), 523–542. https://doi.org/10.1146/annurev-financial-110921-022806","We explain the mechanics of smart contracts. We then highlight the benefits of smart contracts, such as overcoming commitment problems. We also discuss limitations, such as the difficulty for smart contracts to access information external to the blockchain and the difficulty of integrating smart contract code with traditional legal enforcement. We further highlight how the absence of a trusted intermediary inflates implementation costs for blockchain applications. We conclude with a discussion of the most prominent smart contract applications in decentralized finance: token issuance (e.g., initial coin offerings, nonfungible tokens), decentralized exchanges, and protocols for loanable funds. Our survey covers both institutional details and relevant literature."
internacional,E7,8,2021,Chengfu Wang; Xiangfeng Chen; Wei Jin; Xiaojun Fan,Credit guarantee types for financing retailers through online peer-to-peer lending: Equilibrium and coordinating strategy,European Journal of Operational Research,297,1,380-392,articulo,A,8.0011,57,10.1016/j.ejor.2021.05.054,https://doi.org/10.1016/j.ejor.2021.05.054,closed,,,,OpenAlex,"(cryptocurrency OR cryptocurrencies OR bitcoin OR ""crypto assets"" OR ""decentralized finance"" OR DeFi OR stablecoin OR stablecoins) AND (regulation OR adoption OR ""financial stability"" OR ""decentralized finance"" OR stablecoins)","Wang, C., Chen, X., Jin, W., & Fan, X. (2022). Credit guarantee types for financing retailers through online peer-to-peer lending: Equilibrium and coordinating strategy. European Journal of Operational Research, 297(1), 380–392. https://doi.org/10.1016/j.ejor.2021.05.054",
internacional,E7,9,2023,Carol Alexander; Chen Ding; Arben Imeraj,Crypto quanto and inverse options,Mathematical Finance,33,4,1005-1043,articulo,A,6.0634,27,10.1111/mafi.12410,https://doi.org/10.1111/mafi.12410,hybrid,,,,OpenAlex,"(cryptocurrency OR cryptocurrencies OR bitcoin OR ""crypto assets"" OR ""decentralized finance"" OR DeFi OR stablecoin OR stablecoins) AND (regulation OR adoption OR ""financial stability"" OR ""decentralized finance"" OR stablecoins)","Alexander, C., Chen, D., & Imeraj, A. (2023). Crypto quanto and inverse options. Mathematical Finance, 33(4), 1005–1043. Portico. https://doi.org/10.1111/mafi.12410","Abstract Over 90% of exchange trading on crypto options has always been on the Deribit platform. This centralized crypto exchange only lists inverse products because they do not accept fiat currency. Likewise, other major crypto options platforms only list crypto–stablecoin trading pairs in so‐called direct options, which are similar to the standard crypto options listed by the CME except the US dollar is replaced by a stablecoin version. Until now a clear mathematical exposition of these products has been lacking. We discuss the sources of market incompleteness in direct and inverse options and compare their pricing and hedging characteristics. Then we discuss the useful applications of currency protected “quanto” direct and inverse options for fiat‐based traders and describe their pricing and hedging characteristics, all in the Black–Scholes setting."
internacional,E7,10,2024,Yizhou Cao; Min Dai; Steven G. Kou; Lewei Li; Chen Yang,Designing stablecoins,Mathematical Finance,35,1,263-294,articulo,A,5.1548,13,10.1111/mafi.12445,https://doi.org/10.1111/mafi.12445,closed,,,,OpenAlex,"(bitcoin OR cryptocurrency OR cryptocurrencies OR ""crypto assets"" OR ""digital assets"" OR ethereum) AND (volatility OR GARCH OR ""value at risk"" OR ""expected shortfall"" OR ""tail risk"")","Cao, Y., Dai, M., Kou, S., Li, L., & Yang, C. (2024). Designing stablecoins. Mathematical Finance, 35(1), 263–294. Portico. https://doi.org/10.1111/mafi.12445","Abstract Existing cryptocurrencies are too volatile to be used as currencies for daily payments. Stablecoins, which are cryptocurrencies pegged to other stable financial assets such as the US dollar, are desirable for payments within blockchain networks, whereby being often called the “Holy Grail of cryptocurrency.” By using the option pricing theory and the Ethereum platform that allows running smart contracts, we design several dual‐class structures that are written on the ETH cryptocurrency and offer a fixed‐income crypto asset (Class A coin), a stablecoin (Class A′ coin) pegged to a traditional currency, and leveraged investment instruments (Class B and B′ coins). Our investigation of the values of stablecoins in the presence of jump risk and black swan‐type events shows the robustness of the design. The design has been implemented on the Ethereum platform."
nacional,,1,2025,Rosario Violeta Grijalva Salazar; Jose Antonio Caicedo-Mendoza; Arturo Jaime Zuñiga Castillo; Erikson Olivas-Valencia; Víctor Hugo Fernández-Bedoya,Bridging Regulation and Innovation: A Systematic Review of Cryptocurrency Taxation and Fiscal Policy (2020–2025),Journal of risk and financial management,18,12,720-720,revision,B,2.223,7,10.3390/jrfm18120720,https://doi.org/10.3390/jrfm18120720,hybrid,,National University of San Marcos; Universidad César Vallejo,6,OpenAlex,"(cryptocurrency OR cryptocurrencies OR bitcoin OR blockchain OR fintech OR criptomonedas OR criptoactivos OR ""cadena de bloques"")","Grijalva-Salazar, R. V., Caicedo-Mendoza, J. A., Zúñiga-Castillo, A. J., Olivas-Valencia, E., & Fernández-Bedoya, V. H. (2025). Bridging Regulation and Innovation: A Systematic Review of Cryptocurrency Taxation and Fiscal Policy (2020–2025). Journal of Risk and Financial Management, 18(12), 720. https://doi.org/10.3390/jrfm18120720","Taxation on cryptocurrency is becoming critical in global fiscal governance as digital assets adapt to the modern reality of existing outside of traditional regulatory constructs. Theoretical and practical understanding of cryptocurrency taxation is quite new, and so a systematic review was designed to present the most recent empirical research evidence on the legal, fiscal and behavioral aspects of cryptocurrency taxation from across the globe. Using the PRISMA-2020 guidelines, a structured search was applied to the Scopus database on 21 May 2025, with the search terms “crypto-currency”, “cryptoasset” and “taxation.” The inclusion criteria consisted of original research articles published between the years of 2020 and 2025 in English or Spanish, that could be accessed via institutional library support, and that were related to taxation, legal regulation and/or compliance. Out of the original identified 224 records, 36 met the eligibility criteria after screening and verification through seven different stages of review. Socially, five themes were produced by the findings: legal ambiguity surrounding fiscal treatment, limited tax literacy and compliance issues, macroeconomic and monetary issues, application of digital technologies for fiscal tracking, and environmental repercussions from crypto mining. Many countries do not have any coherent tax frameworks to govern the risk that emerges from cryptocurrency taxation, creating uncertainty for both regulators and investors. The findings outlined in this systematic review point to the urgent need for creating a coherent approach to cryptocurrency taxation based on definitions, digital approaches to traceability, and tax literacy compliance strategies. In order to create effective cryptocurrency taxation, there must be a base balance between ensuring innovation, fiscal responsibility, transparency, equity and sustainability in the developing digital economy."
nacional,,2,2023,"Universidad de Lima, Perú; Stefano Mejia-Trujillo; Rafael Daniel Hidalgo-Castilla; Marcos Fernando Ruíz-Ruíz; Alberto Flores-Pérez; Juan Carlos Quiroz-Flores; Martin Fidel Collao-Diaz",Characterization of the Fintech Industry for the Peruvian Market,International Journal of Trade Economics and Finance,,,74-79,articulo,B,0.0,0,10.18178/ijtef.2023.14.4.759,https://doi.org/10.18178/ijtef.2023.14.4.759,diamond,antecedentes/nacional/2023_Lima_Characterization_of_the_Fintech_Industry_for_the_Peruvian_Ma.pdf,Universidad de Lima,5,OpenAlex,"(cryptocurrency OR cryptocurrencies OR bitcoin OR blockchain OR fintech OR criptomonedas OR criptoactivos OR ""cadena de bloques"")",", Mejia-Trujillo, S., Hidalgo-Castilla, R. D., Ruiz-Ruiz, M. F., Flores-Perez, A., Quiroz-Flores, J., & Collao-Diaz, M. (2023). Characterization of the Fintech Industry for the Peruvian Market. International Journal of Trade, Economics and Finance, 74–79. https://doi.org/10.18178/ijtef.2023.14.4.759","Financial technology companies in Latin America and the world, typically known as Fintech, are growing at a significant rate. However, a detailed analysis on the main influencers on the success or survival of these technologies remains to be discussed. This research determines the variables and social actors that characterize the Fintech ecosystem. For this purpose, a descriptive design was employed under the methodology of structural analysis, making use of tools such as a panel of experts and the MICMAC software (Matrix of Crossed Impacts Multiplication Applied to a Classification). The results suggest that investment, customer management and behavior due to COVID-19 are considered key variables in the current Fintech market. While the SBS (Superintendency of Banking, Insurance and AFP), Peruvian Fintech companies and clients are considered as the preponderant social actors. The findings constitute a basis for the design and strategic planning of future scenarios aimed at minimizing risks and making the most of the opportunities offered by this industry 4.0 new market."
nacional,,3,2026,Julio César Rojas Medina; Miguel Ángel Cano Lengua,Systematic review of a business model using blockchain technology for the use of digital money in mass centers,International Journal of Power Electronics and Drive Systems/International Journal of Electrical and Computer Engineering,16,1,342-342,revision,B,0.0,0,10.11591/ijece.v16i1.pp342-356,https://doi.org/10.11591/ijece.v16i1.pp342-356,diamond,antecedentes/nacional/2026_Medina_Systematic_review_of_a_business_model_using_blockchain_techn.pdf,National University of San Marcos; Universidad Tecnológica del Perú,5,OpenAlex,"(cryptocurrency OR cryptocurrencies OR bitcoin OR blockchain OR fintech OR criptomonedas OR criptoactivos OR ""cadena de bloques"")","Medina, J. C. R., & Lengua, M. Á. C. (2026). Systematic review of a business model using blockchain technology for the use of digital money in mass centers. International Journal of Electrical and Computer Engineering (IJECE), 16(1), 342. https://doi.org/10.11591/ijece.v16i1.pp342-356","In recent years, commercial transactions have experienced a radical change in the way goods and services are purchased. Payments with electronic and digital money are increasing dramatically compared to payments with physical money. Likewise, money using blockchain technology is marking disruptive milestones in transactions, especially in cross-border payments, showing many benefits, such as speed, lower costs, and security. The COVID-19 pandemic has shown the entire world the potential and possible development horizon of digital money, especially cryptoassets, in commercial transactions, as well as the risks associated with this technology. This has exposed the problem and need for a commercial model with blockchain technology for use in mass centers, which allows for the widespread and democratization of blockchain technology in mass commercial transactions. The methodology used is PRISMA. The objective of this article is to conduct a systematic review of the literature on digital money with blockchain technology for use in mass marketing centers. Finally, the results are presented, where the commercial model based on blockchain must consider security criteria, technology, legal aspects, and sociocultural barriers. Incorporate the interaction between electronic money, central bank digital currencies (CBDCs), and cryptoassets, as well as a decentralized technological platform for direct digital commerce. This implies that the model must consider these criteria in its design, implementation process, and the platform it supports."
nacional,,4,2026,Kelly Rojas Valdez; Victor Fajardo-Piñan,"Clustering green finance, fintech, and digital technologies for sustainable operations",Discover Sustainability,7,1,,articulo,B,36.895,3,10.1007/s43621-026-02636-9,https://doi.org/10.1007/s43621-026-02636-9,gold,antecedentes/nacional/2026_Valdez_Clustering_green_finance_fintech_and_digital_technologies_fo.pdf,Pontificia Universidad Católica del Perú,4,OpenAlex,"(cryptocurrency OR cryptocurrencies OR bitcoin OR blockchain OR fintech OR criptomonedas OR criptoactivos OR ""cadena de bloques"")","Rojas-Valdez, K., & Fajardo-Piñan, V. (2026). Clustering green finance, fintech, and digital technologies for sustainable operations. Discover Sustainability, 7(1). https://doi.org/10.1007/s43621-026-02636-9","The purpose of this study is to provide a more comprehensive and updated analysis of how green finance enabled by financial technology (Fintech) and digital innovation, contributes to sustainability in economic and operational systems. In particular, the study examines how digital technologies support sustainable operations by facilitating inclusion, improving resource allocation, and accelerating structural change towards the Sustainable Development Goals (SDG). Using a mixed-methods approach that combines bibliometric analysis with a systematic literature review. A comprehensive analysis of 67 articles published between 2022 and 2025 was conducted. The findings identify four dominant research clusters in which digital technologies, innovation, regulation and international cooperation play a prominent role as drivers of structural change. Fintech and institutionality (cluster 1), is a driver of sustainable banking performance (cluster 2), there are dynamics of natural resources and a Fintech-mediated energy transition (cluster 3), and Fintech and Start-ups collaboration is a driver of social sustainability (cluster 4). The report also reveals significant findings between developed and developing countries. This study adopts a mixed method combining bibliometric analysis and systematic literature review. The results further reveal notable differences between developed and developing countries. China leads with 1,140 total citations and an average of 43.8 per article, while Australia has the highest average impact of 56.6. Green finance and Fintech have been identified as pivotal in promoting sustainability, particularly in developing countries where environmental and social challenges are most acute. Financial technology not only optimises financial processes, but also drives the democratisation of financial services and green investment, playing a key role in the transition to a resilient and sustainable economy. The combination of digital and sustainable solutions is essential to achieving development goals. However, it is vital that this initiative be implemented in conjunction with responsible management of natural resources, effective public policies, and the presence of skilled human capital."
nacional,,5,2025,Miguel Jiménez-Carrión; Gustavo A. Flores-Fernandez,Machine Learning Algorithms in Predicting Prices in Volatile Cryptocurrency Markets,HighTech and Innovation Journal,6,1,257-272,articulo,B,3.0786,2,10.28991/hij-2025-06-01-017,https://doi.org/10.28991/hij-2025-06-01-017,gold,antecedentes/nacional/2025_Jimenez_Carrion_Machine_Learning_Algorithms_in_Predicting_Prices_in_Volatile.pdf,Universidad Nacional de Piura,4,OpenAlex,"(cryptocurrency OR cryptocurrencies OR bitcoin OR blockchain OR fintech OR criptomonedas OR criptoactivos OR ""cadena de bloques"")","Jiménez-Carrión, M., & Flores-Fernandez, G. A. (2025). Machine Learning Algorithms in Predicting Prices in Volatile Cryptocurrency Markets. HighTech and Innovation Journal, 6(1), 257–272. https://doi.org/10.28991/hij-2025-06-01-017","This study aims to develop a predictive model for cryptocurrency prices in highly volatile markets. The methodology includes an exploratory data analysis, followed by designing and implementing machine learning (ML) algorithms, focusing on the Long Short-Term Memory (LSTM) neural network. The model's performance was optimized through hyperparameter tuning, and its stability was validated using an analysis of variance (ANOVA). We conducted a benchmark comparison with other ML approaches. Our LSTM model achieved an R² of 99.41% on the first day of prediction and maintained an accuracy above 97% up to the seventh day, demonstrating its robustness even for extended forecasts. During training, the LSTM model reached an RMSE of $1,187.14 and a MAPE of 2.20%, with the MAPE consistently remaining below 10% during the validation phase. For seven-day forecasts, the model recorded an RMSE of $5,038.46 and a MAPE of 6.83%. In comparison, alternative models such as Support Vector Machines (SVM), Extreme Gradient Boosting (XGBoost), and Random Forests exhibited significantly higher error rates; for instance, XGBoost recorded an RMSE of $17,849.66 and a MAPE of 27.74%. Overall, these findings highlight the superior performance of the LSTM model in addressing the challenges of cryptocurrency price forecasting. Doi: 10.28991/HIJ-2025-06-01-017 Full Text: PDF"
nacional,,6,2023,Walter Bazán-Palomino,The increased interest in Bitcoin and the immediate and long-term impact of Bitcoin volatility on global stock markets,Economic Analysis and Policy,80,,1080-1095,articulo,B,7.6382,18,10.1016/j.eap.2023.10.001,https://doi.org/10.1016/j.eap.2023.10.001,closed,,University of the Pacific,3,OpenAlex,"(cryptocurrency OR cryptocurrencies OR bitcoin OR blockchain OR fintech OR criptomonedas OR criptoactivos OR ""cadena de bloques"")","Bazán-Palomino, W. (2023). The increased interest in Bitcoin and the immediate and long-term impact of Bitcoin volatility on global stock markets. Economic Analysis and Policy, 80, 1080–1095. https://doi.org/10.1016/j.eap.2023.10.001",
nacional,,7,2025,Pilar Alvarez-Franco; Vivian Cruz; Daniela Zuluaga; Juan Manuel Diaz,Determinants of digital financial inclusion in Latin America and the Caribbean,Journal of Economics Finance and Administrative Science,,,1-18,articulo,B,5.267,4,10.1108/jefas-09-2024-0280,https://doi.org/10.1108/jefas-09-2024-0280,diamond,,University of the Pacific,3,OpenAlex,"(cryptocurrency OR cryptocurrencies OR bitcoin OR blockchain OR fintech OR criptomonedas OR criptoactivos OR ""cadena de bloques"")","Alvarez-Franco, P. B., Castañeda, V. C., Agudelo Zuluaga, D. I., & Diaz, J. M. (2025). Determinants of digital financial inclusion in Latin America and the Caribbean. Journal of Economics, Finance and Administrative Science, 1–18. https://doi.org/10.1108/jefas-09-2024-0280","Purpose This study investigates the determinants of digital financial inclusion (DFI) in Latin America and the Caribbean (LAC), focusing on the influence of sociodemographic factors on the accessibility and use of digital financial services. The analysis is based on the World Bank’s Global Financial Inclusion Database from 2021. Design/methodology/approach An index variable was created by grouping all questions related to the accessibility and use of digital financial services into a single measure, which draws on information from the Global Findex Survey covering 15 countries from LAC. In addition, a probit model was employed to assess the demographic determinants of DFI. Findings The findings indicate that sociodemographic factors such as age, education, gender, income, employment status and country of origin significantly influence DFI. Research limitations/implications The study primarily examines sociodemographic factors, potentially overlooking other crucial determinants, including infrastructure, regulatory frameworks and cultural influences that are likely to play significant roles. Practical implications Policymakers should develop inclusive policies to address barriers such as digital literacy and internet access while enhancing fintech innovation and infrastructure in countries with lower adoption rates, thereby promoting broader financial inclusion across the region. Social implications The findings offer valuable insights for policymakers and service providers in LAC to enhance DFI, especially among marginalized population groups, namely women or people with lower income and education levels. Originality/value This study contributes original insights into the understanding of DFI in LAC by highlighting the influence of sociodemographic factors within the context of a rapidly evolving digital landscape."
nacional,,8,2025,Jherson S. Ruiz-Lopez; Miguel Jiménez-Carrión,"Closing Price Prediction of Cryptocurrencies BTC, LTC, and ETH Using a Hybrid ARIMA-LSTM Algorithm",HighTech and Innovation Journal,6,2,487-500,articulo,B,1.7951,2,10.28991/hij-2025-06-02-09,https://doi.org/10.28991/hij-2025-06-02-09,gold,antecedentes/nacional/2025_Ruiz_Lopez_Closing_Price_Prediction_of_Cryptocurrencies_BTC_LTC_and_ETH.pdf,Universidad Nacional de Piura,3,OpenAlex,"(cryptocurrency OR cryptocurrencies OR bitcoin OR blockchain OR fintech OR criptomonedas OR criptoactivos OR ""cadena de bloques"")","Ruiz-Lopez, J. S., & Jiménez-Carrión, M. (2025). Closing Price Prediction of Cryptocurrencies BTC, LTC, and ETH Using a Hybrid ARIMA-LSTM Algorithm. HighTech and Innovation Journal, 6(2), 487–500. https://doi.org/10.28991/hij-2025-06-02-09","This study aims to develop a hybrid algorithm using the ARIMA model and LSTM-type recurrent neural networks to predict the closing prices of the cryptocurrencies BTC, LTC, and ETH. The methodology includes an exploratory data analysis, followed by the design, implementation, and evaluation of each individual algorithm as well as the combined hybrid algorithm. The results, after experimentation and evaluation of metrics on the test set, indicated that the ARIMA model was inefficient in predicting the closing prices of cryptocurrencies. On the other hand, the hybrid model for BTC showed significant statistical differences in the metrics, with MAE = $726.21 and MAPE = 1.75%, compared to the LSTM model, which achieved MAE = $729.35 and MAPE = 1.76%. These results indicate better performance from the hybrid model. Regarding the RMSE metric, the hybrid model scored 1157.47, while LSTM scored 1159.99; although statistically equivalent, the hybrid model was numerically better. For the remaining metrics and other cryptocurrencies, both methods were statistically equivalent. For five-day-ahead predictions, the hybrid algorithm continued to yield better results for LTC and ETH."
nacional,,9,2025,Pedro Hidalgo; Ciro R. Rodriguez; Luis Bravo; Cesar Angulo,Design of a Modular Architecture Based on AI and Blockchain for Personalized Microcredits Using Open Finance,International Journal of Advanced Computer Science and Applications,16,9,,articulo,B,1.0407,1,10.14569/ijacsa.2025.0160915,https://doi.org/10.14569/ijacsa.2025.0160915,diamond,antecedentes/nacional/2025_Hidalgo_Design_of_a_Modular_Architecture_Based_on_AI_and_Blockchain.pdf,National University of San Marcos,3,OpenAlex,"(cryptocurrency OR cryptocurrencies OR bitcoin OR blockchain OR fintech OR criptomonedas OR criptoactivos OR ""cadena de bloques"")","Hidalgo, P., Rodríguez, C., Bravo, L., & Angulo, C. (2025). Design of a Modular Architecture Based on AI and Blockchain for Personalized Microcredits Using Open Finance. International Journal of Advanced Computer Science and Applications, 16(9). https://doi.org/10.14569/ijacsa.2025.0160915","This paper presents the design and validation of a modular architecture for smart microcredits, aimed at expanding credit access for populations excluded from the traditional financial system. The solution integrates three key technological components: data acquisition through Open Finance, automated risk assessment using Artificial Intelligence (AI) models, and the execution of smart contracts on blockchain. A functional prototype was developed to process applications manually submitted by users without prior financial history, utilizing a LightGBM model trained on real, anonymized data. The model was integrated into the system workflow to generate automatic credit conditions and register decisions on the blockchain without direct human intervention. During the validation phase, the model achieved an Area Under the Curve (AUC) of 0.94, supporting its discriminative power within the automated flow. The overall technical validation demonstrates the feasibility of offering personalized, traceable, and secure credit services through open and decentralized technologies. The use of alternative unstructured data, as well as the expansion into production environments, is proposed as a future line of development. In our system, Open Finance provides consented financial data off-chain; the ML model estimates default probability and outputs an eligibility decision; a rule engine maps the score to personalized loan terms; and blockchain smart contracts only record loan terms and execution events on-chain (no personal data). This separation ensures auditability (on-chain) and privacy (off-chain)."
nacional,,10,2025,Juan Chavez-Perez; Raquel Melgarejo-Espinoza; Victor Sevillano-Vega; Orlando Iparraguirre-Villanueva,Impact of Cryptocurrencies and Their Technological Infrastructure on Global Financial Regulation: Challenges for Regulators and New Regulations,International Journal of Advanced Computer Science and Applications,16,4,,articulo,B,0.0,0,10.14569/ijacsa.2025.0160480,https://doi.org/10.14569/ijacsa.2025.0160480,diamond,antecedentes/nacional/2025_Chavez_Perez_Impact_of_Cryptocurrencies_and_Their_Technological_Infrastru.pdf,Universidad Tecnológica del Perú,3,OpenAlex,"(cryptocurrency OR cryptocurrencies OR bitcoin OR blockchain OR fintech OR criptomonedas OR criptoactivos OR ""cadena de bloques"")","Chavez-Perez, J., Melgarejo-Espinoza, R., Sevillano-Vega, V., & Iparraguirre-Villanueva, O. (2025). Impact of Cryptocurrencies and Their Technological Infrastructure on Global Financial Regulation: Challenges for Regulators and New Regulations. International Journal of Advanced Computer Science and Applications, 16(4). https://doi.org/10.14569/ijacsa.2025.0160480","The rise of cryptocurrencies is transforming the landscape of global finance, but their very decentralized nature is triggering unprecedented challenges for regulatory systems. This systematic literature review (SLR) aimed to gather and synthesize information to understand the functioning of cryptocurrencies in relation to their regulatory challenges. The PRISMA (Preferred Reporting Items for Systematic Reviews and Meta-Analyses) methodology supports the rigor of the research, where 50 studies published between 2022 and 2025 were selected in databases such as Scopus, Web of Science, IEEE Xplore and Science Direct. Among the results, it was observed that the continents with the greatest contributions were Europe and Asia, representing 60% and 25% of the studies analyzed, respectively. Likewise, the period with the highest scientific production was the year 2024, with 50% of the manuscripts published. Regarding the analysis of keyword co-occurrence using VOSviewer, it was found that ""blockchain"" and ""cryptocurrency"" were the most predominant terms, with 18 and 16 mentions, highlighting their centrality in the academic discussion. Ultimately, the research highlights that cryptocurrencies bring with them major regulatory challenges, such as money laundering and lack of legal clarity, while blockchain emerges as an essential tool to improve the transparency and operability of financial regulation."
nacional,,11,2026,Ada Gallegos; Luisa Rodríguez Zavala; Alejandro Valencia-Arias; Jackeline Valencia,"Financial technologies for the inclusion of informal workers: Solutions, barriers, and opportunities in the FinTech ecosystem",Intangible Capital,22,1,37-37,articulo,B,0.0,0,10.3926/ic.3355,https://doi.org/10.3926/ic.3355,gold,antecedentes/nacional/2026_Gallegos_Financial_technologies_for_the_inclusion_of_informal_workers.pdf,Universidad Ricardo Palma,3,OpenAlex,"(cryptocurrency OR cryptocurrencies OR bitcoin OR blockchain OR fintech OR criptomonedas OR criptoactivos OR ""cadena de bloques"")","Gallegos, A., Rodríguez Zavala, L. A., Valencia-Arias, A., & Valencia, J. (2026). Financial technologies for the inclusion of informal workers: Solutions, barriers, and opportunities in the FinTech ecosystem. Intangible Capital, 22(1), 37. https://doi.org/10.3926/ic.3355","Purpose: In recent decades, financial technologies (FinTech) have emerged as pivotal instruments for the transformation of global financial systems, particularly in contexts characterised by high levels of labour informality. This study analyses the capacity of FinTech to promote the inclusion of informal workers, who have been traditionally excluded from formal financial services.Design/methodology/approach: The study evaluates the effectiveness of FinTech solutions, such as digital payments and microcredit, in contexts with poor infrastructure and regulatory barriers. It also considers challenges like financial and digital literacy among informal workers.Findings: Despite the advances witnessed in the provision of digital tools, many informal workers encounter obstacles due to a lack of financial and digital literacy, which hinders their full and sustainable integration into the financial system. The results indicate the necessity for public policies adapted to local realities and a more comprehensive approach to FinTech design that addresses the specificities of informal work.Originality/value: The study paves the way for future research that integrates technological innovations with structural and contextualised financial inclusion, offering insights into how FinTech can better serve informal workers while overcoming existing barriers."
nacional,,12,2026,Luis Varona-Castillo; Jorge R. Gonzales Castillo,Bitcoin Price Dynamics: Estimating Short- and Long-Term Elasticities via an ARDL Framework,Journal of risk and financial management,19,7,534-534,articulo,B,0.0,0,10.3390/jrfm19070534,https://doi.org/10.3390/jrfm19070534,hybrid,,University of Piura,3,OpenAlex,"(cryptocurrency OR cryptocurrencies OR bitcoin OR blockchain OR fintech OR criptomonedas OR criptoactivos OR ""cadena de bloques"")","Varona Castillo, L., & Gonzales Castillo, J. R. (2026). Bitcoin Price Dynamics: Estimating Short- and Long-Term Elasticities via an ARDL Framework. Journal of Risk and Financial Management, 19(7), 534. https://doi.org/10.3390/jrfm19070534","This study investigates the macroeconomic and microeconomic factors influencing the valuation of Bitcoin (BTC) from January 2011 to December 2025 utilizing an Autoregressive Distributed Lag (ARDL) model. The empirical results provide robust evidence supporting a long-term equilibrium relationship (cointegration) among the variables. Furthermore, the findings reveal a procyclical dynamic aligned with the US Federal Reserve’s monetary policy, alongside significant positive influences from the network’s active address count and computing power hash rate. Conversely, global market volatility exerts a statistically significant negative impact on Bitcoin’s price trajectories."
nacional,,13,2026,Liliana Correa Rojas; Alexander Haro Sarango; Jorge Alejandro Tejada Carrera; Daniel Jesús Castro Vargas; Nixon Arnaldo Barboza Chuquilín; Olegario Heiner Cabrera Cabrera; Tattiana Katerine Fernández Miranda; Julio Roberto Izquierdo Espinoza,Configurational pathways from AI-enabled FinTech adoption to business financial inclusion in SMEs: the role of digital financial capability in northern Peru,Frontiers in Human Dynamics,8,,,articulo,B,0.0,0,10.3389/fhumd.2026.1909382,https://doi.org/10.3389/fhumd.2026.1909382,gold,,National University of Trujillo; Universidad Tecnológica del Perú,3,OpenAlex,"(cryptocurrency OR cryptocurrencies OR bitcoin OR blockchain OR fintech OR criptomonedas OR criptoactivos OR ""cadena de bloques"")","Correa Rojas, L., Haro Sarango, A., Tejada Carrera, J. A., Castro Vargas, D. J., Barboza Chuquilín, N. A., Cabrera Cabrera, O. H., Fernández Miranda, T. K., & Izquierdo Espinoza, J. R. (2026). Configurational pathways from AI-enabled FinTech adoption to business financial inclusion in SMEs: the role of digital financial capability in northern Peru. Frontiers in Human Dynamics, 8. https://doi.org/10.3389/fhumd.2026.1909382","Artificial intelligence-enabled financial technology is reshaping the ways in which small and medium-sized enterprises access, use, and evaluate formal financial services. The theoretical problem addressed in this study is that firms with comparable levels of AI-enabled FinTech adoption may achieve substantially different levels of business financial inclusion. This inconsistency suggests that adoption creates a technological opportunity structure, but does not by itself ensure effective access, use, quality, or value creation. Digital financial capability is therefore positioned as the capability-conversion mechanism through which SMEs transform AI-enabled financial tools into meaningful financial participation. This study identifies the configurational pathways through which AI-enabled FinTech adoption and digital financial capability are associated with high business financial inclusion among small and medium-sized enterprises in northern Peru. A quantitative, non-experimental, cross-sectional design was applied to 120 complete responses from owners, managers, and administrators with direct knowledge of their firms’ financial and digital operations. The analysis used fuzzy-set qualitative comparative analysis, incorporating six causal conditions: AI-enabled FinTech adoption, digital financial capability, perceived usefulness, AI familiarity and integration, digital financial skills, and digital financial self-efficacy. The findings show that no single condition is strictly necessary for high business financial inclusion. Nevertheless, digital financial capability emerged as the condition closest to necessity. The intermediate solution identified two equifinal configurations leading to high inclusion, both combining AI-enabled FinTech adoption, digital financial capability, perceived usefulness, and digital financial skills, while AI familiarity and digital financial self-efficacy operated as alternative reinforcing mechanisms. The results also confirmed causal asymmetry, as low inclusion was explained by configurations centred on deficits in capability and AI-FinTech adoption rather than by the simple inverse of high-inclusion pathways. The study extends FinTech and financial inclusion theory by demonstrating that business financial inclusion is not a direct result of AI-enabled FinTech adoption, but an outcome of capability conversion operating through multiple configurational pathways."
nacional,,14,2025,Ariana Valeria Vera Acevedo; María Fernanda Iparraguirre Piedra,The influence of consumer trust on the drivers of electronic wallet transactions,Intangible Capital,21,3,427-427,articulo,B,0.0,0,10.3926/ic.3195,https://doi.org/10.3926/ic.3195,gold,antecedentes/nacional/2025_Acevedo_The_influence_of_consumer_trust_on_the_drivers_of_electronic.pdf,Universidad de Lima,3,OpenAlex,"(cryptocurrency OR cryptocurrencies OR bitcoin OR blockchain OR fintech OR criptomonedas OR criptoactivos OR ""cadena de bloques"")","Vera Acevedo, A. V., & Iparraguirre Piedra, M. F. (2025). The influence of consumer trust on the drivers of electronic wallet transactions. Intangible Capital, 21(3), 427. https://doi.org/10.3926/ic.3195","Purpose: This study aims to analyze the relationship between consumer trust and the transactions carried out involving Fintech apps, such as electronic wallets.The context of this paper is the use of these applications in Peru, where the focus is on studying variables such as perceived quality and user experience as predictors, perceived risk as a moderator and electronic word-of-mouth as a dependent variable of consumer trust. Design/methodology/approach:To obtain the required data, an online survey was distributed to 386 individuals between the ages of 18 and 40 who reside in the Lima Metropolitan area and have used e-wallets in the last 3 months.To calculate the sample size, the simple random sampling technique was used and a descriptive analysis of the data was carried out using JASP.Additionally, SmartPLS was used to measure validity, consistency, and hypothesis testing. Findings:The model shows acceptable internal consistency; furthermore, it has acceptable convergent validity and most of the items do not demonstrate collinearity.In general terms, it has acceptable discriminant validity.Hypotheses 1, 2, and 4 are accepted, and are related to perceived quality, user experience, and electronic word-of-mouth, respectively. Originality/value:The contribution made by this research is by addressing the knowledge gap caused by the lack of studies on consumer trust in Fintech applications in Peru.The importance of these topics lies in the accelerated evolution and widespread use of digital wallets, and thus the study of these variables is relevant for the contribution of knowledge in the field and the reinforcement of their use."
nacional,,15,2026,Nimnual Visedsun; Somjai Nupueng; Narinthon Imjai; Jorge Miguel Chávez-Díaz; Somnuk Aujirapongpan,"Developing FinTech adoption capability among Thai Gen Z finance students: Influencing AI literacy, self-directed learning and innovative thinking skill",The International Journal of Management Education,24,3,101437-101437,articulo,B,41.5544,4,10.1016/j.ijme.2026.101437,https://doi.org/10.1016/j.ijme.2026.101437,closed,,Peruvian University of Applied Sciences,2,OpenAlex,"(cryptocurrency OR cryptocurrencies OR bitcoin OR blockchain OR fintech OR criptomonedas OR criptoactivos OR ""cadena de bloques"")","Visedsun, N., Nupueng, S., Imjai, N., Chávez-Díaz, J. M., & Aujirapongpan, S. (2026). Developing FinTech adoption capability among Thai Gen Z finance students: Influencing AI literacy, self-directed learning and innovative thinking skill. The International Journal of Management Education, 24(3), 101437. https://doi.org/10.1016/j.ijme.2026.101437",
nacional,,16,2023,María Camila Bermeo-Giraldo; Alejandro Valencia-Arías; Lucía Palacios-Moya; Jackeline Valencia,Adoption of Fintech Services in Young Students: Empirical Approach from a Developing Country,Economies,11,9,226-226,articulo,B,8.775,20,10.3390/economies11090226,https://doi.org/10.3390/economies11090226,gold,,Universidad Ricardo Palma; Universidad Señor de Sipán,2,OpenAlex,"(cryptocurrency OR cryptocurrencies OR bitcoin OR blockchain OR fintech OR criptomonedas OR criptoactivos OR ""cadena de bloques"")","Bermeo-Giraldo, M. C., Valencia-Arias, A., Palacios-Moya, L., & Valencia, J. (2023). Adoption of Fintech Services in Young Students: Empirical Approach from a Developing Country. Economies, 11(9), 226. https://doi.org/10.3390/economies11090226","This work aimed to identify the main variables that determine the adoption of Fintech services in young students in the Colombian context through a model with five factors proposed to explain this behavior in 124 Colombian university students. The methodological design followed a quantitative approach and an exploratory–descriptive scope. For data processing, the statistical techniques exploratory factor analysis (EFA) and confirmatory factor analysis (CFA) were used to extract the relevant factors and evaluate the measurement model. To test the hypotheses about the relationships of the conceptual model constructs, Cramer’s V coefficient was used. The results showed that financial education and social influence have a positive effect on perceived benefit; in turn, low regulation is not strongly related to perceived benefit and is not dependent on social influence. However, digital literacy is affected by financial education and social influence. It is concluded that the number of mobile users in Colombia is increasing rapidly; however, the adoption of Fintech is slow. In addition, most of the university students in this study do not know what Fintech is, but they recognize that they use it frequently."
nacional,,17,2025,Diogo Campos-Teixeira; Jorge Tello‐Gamarra; João Carlos Gonçalves dos Reis; André Andrade Longaray; Martín Hernani-Merino,Fintechs and Institutions: Evidence from an Emerging Economy,Journal of risk and financial management,18,4,212-212,articulo,B,3.1221,3,10.3390/jrfm18040212,https://doi.org/10.3390/jrfm18040212,hybrid,,University of the Pacific,2,OpenAlex,"(cryptocurrency OR cryptocurrencies OR bitcoin OR blockchain OR fintech OR criptomonedas OR criptoactivos OR ""cadena de bloques"")","Campos-Teixeira, D., Tello-Gamarra, J., Reis, J., Longaray, A. A., & Hernani-Merino, M. (2025). Fintechs and Institutions: Evidence from an Emerging Economy. Journal of Risk and Financial Management, 18(4), 212. https://doi.org/10.3390/jrfm18040212","Institutions play a vital role in restricting or encouraging the performance of any economic agent. In this context, fintechs represent a vector of exponential change in the global financial system and its institutions. However, despite the existing relationship between fintechs and institutions, there is a need for more studies exploring the connections between them. Beginning with a framework that integrates aspects of the relation between fintechs and institutions in the financial system, the objective of this article is to empirically demonstrate the interaction between fintechs and financial system institutions in an emerging country. To do so, the chosen research method was an embedded case study, which involved documental analysis and semi-structured interviews conducted with different agents in the Brazilian financial system, belonging to the following categories: technology providers, fintechs, regulatory institutions, financial institutions, and consumers. The findings validate the applicability of the theoretical framework, highlighting that fintechs drive institutional changes across stakeholders with different characteristic traits. Based on these results, we created theoretical propositions that guide future studies on the topic of fintechs and institutions. This study’s contributions provide valuable insights for financial policymakers, regulators, and technology providers, particularly regarding the adaptation of regulatory frameworks and technological infrastructures in emerging economies. For policymakers, this study suggests guidelines to foster financial inclusion through fintech initiatives, while managers are encouraged to develop strategies that reduce operational gaps in digital financial services."
nacional,,18,2022,Jorge Tello‐Gamarra; Diogo Campos-Teixeira; André Andrade Longaray; João Carlos Gonçalves dos Reis; Martín Hernani-Merino,Fintechs and Institutions: A Systematic Literature Review and Future Research Agenda,Journal of theoretical and applied electronic commerce research,17,2,722-750,revision,B,1.2651,27,10.3390/jtaer17020038,https://doi.org/10.3390/jtaer17020038,gold,,University of the Pacific,2,OpenAlex,"(cryptocurrency OR cryptocurrencies OR bitcoin OR blockchain OR fintech OR criptomonedas OR criptoactivos OR ""cadena de bloques"")","Tello-Gamarra, J., Campos-Teixeira, D., Longaray, A. A., Reis, J., & Hernani-Merino, M. (2022). Fintechs and Institutions: A Systematic Literature Review and Future Research Agenda. Journal of Theoretical and Applied Electronic Commerce Research, 17(2), 722–750. https://doi.org/10.3390/jtaer17020038","The growth of fintechs has exponentially modified the international financial system. These changes affect social mechanisms that regulate the performance of economic agents, generating the need to modify the current role played by institutions. Despite the clear relationship that exists between fintechs and institutions, studies exploring the details of this relationship are still scarce. The objective of this article is to propose a review and analysis of the current state of research on fintechs and institutions. To achieve this goal, a systematic literature review was conducted, with the selection and analysis of 123 documents published which were based on preestablished inclusion and exclusion criteria. The main results show the development of a framework that allows us to increase our understanding of fintechs and institutions; the identification of three propositions that serve as a guide to the institutional landscape in which fintechs operate; and finally the recognition of a research agenda."
nacional,,19,2025,Emilio Medrano-Sanchez; Erwin Martos,Strategies for bridge maintenance using BIM: an analysis of methodologies and tools,Frontiers in Built Environment,11,,,articulo,B,1.2533,3,10.3389/fbuil.2025.1693644,https://doi.org/10.3389/fbuil.2025.1693644,gold,antecedentes/nacional/2025_Medrano_Sanchez_Strategies_for_bridge_maintenance_using_BIM_an_analysis_of_m.pdf,Universidad San Ignacio de Loyola; University of Piura,2,OpenAlex,"(cryptocurrency OR cryptocurrencies OR bitcoin OR blockchain OR fintech OR criptomonedas OR criptoactivos OR ""cadena de bloques"")","Medrano-Sanchez, E., & Martos, E. (2025). Strategies for bridge maintenance using BIM: an analysis of methodologies and tools. Frontiers in Built Environment, 11. https://doi.org/10.3389/fbuil.2025.1693644","Ageing bridge stocks and rising traffic loads in Latin America and worldwide demand cost-effective maintenance strategies. Building Information Modelling (BIM) and its convergence with digital-twin, IoT and AI techniques have shown promise, yet their adoption for bridge upkeep remains fragmentary. This review aimed to (i) synthesise current scientific evidence on BIM-based bridge maintenance, (ii) classify methodologies and tools through a domain taxonomy, and (iii) identify research gaps that hinder large-scale implementation. A PRISMA-guided systematic literature review was conducted in Scopus and Web of Science (search cut-off = 1 February 2024). Inclusion criteria targeted peer-reviewed, open-access studies (2020–2024) that applied BIM to the maintenance of existing bridges. Twenty-five articles met the criteria and were appraised with Mixed-Methods Appraisal Tool (MMAT 2018). Seven dominant research themes were identified, with damage visualization (7 studies) and 3-D geometric modelling (6) being the most frequent, followed by information exchange/management (4). Specifically, LiDAR and photogrammetry enabled sub-centimetre models; Convolutional Neural Networks (CNN) and You Only Look Once (YOLO) algorithms reached mean average precision up to 0.91 for crack detection. Digital-twin workflows reduced operating costs while requiring higher upfront investment. A seven-domain taxonomy and a cost–technology comparison table is proposed. Key barriers reported include IFC 4.3 interoperability, high LiDAR costs ( > 10% of annual budgets), limited visual-programming skills, and cybersecurity concerns in cloud-IoT integrations. BIM supports preventive, data-driven bridge maintenance and has been linked to lower operating costs in several studies; mainstream adoption requires IFC 4.3 based interoperability, targeted training, and open-standard workflows. Future research should focus on standardised performance metrics, edge-AI monitoring and blockchain-secured data exchange."
nacional,,20,2025,Rosalynn Ornella Flores-Castañeda; Sandro Olaya-Cotera; Giancarlo Sánchez Atuncar; Orlando Iparraguirre-Villanueva,"Systematic review of the global impact of cryptocurrencies: adoption factors, challenges, environmental effects and cyber risks",Quality & Quantity,59,6,5377-5396,revision,B,0.0,0,10.1007/s11135-025-02225-4,https://doi.org/10.1007/s11135-025-02225-4,closed,,Universidad César Vallejo; Universidad Nacional Tecnológica de Lima Sur; Universidad San Ignacio de Loyola,2,OpenAlex,"(cryptocurrency OR cryptocurrencies OR bitcoin OR blockchain OR fintech OR criptomonedas OR criptoactivos OR ""cadena de bloques"")","Flores-Castañeda, R. O., Olaya-Cotera, S., Sánchez Atuncar, G., & Iparraguirre-Villanueva, O. (2025). Systematic review of the global impact of cryptocurrencies: adoption factors, challenges, environmental effects and cyber risks. Quality &Amp; Quantity, 59(6), 5377–5396. https://doi.org/10.1007/s11135-025-02225-4",
nacional,,21,2026,Paula Andrea Rodríguez-Correa; Maria Camila Bermeo-Giraldo; Juan Esteban Hernandez-Betancur; Alexandra López Martínez; Alejandro Valencia-Arias; Edgar Roland Tuesta Torres; Juan Manuel Raunelli Sander,Acceptance of FinTech services by university women,F1000Research,15,,517-517,articulo,B,0.0,0,10.12688/f1000research.166040.1,https://doi.org/10.12688/f1000research.166040.1,gold,antecedentes/nacional/2026_Rodriguez_Correa_Acceptance_of_FinTech_services_by_university_women.pdf,Universidad Señor de Sipán,2,OpenAlex,"(cryptocurrency OR cryptocurrencies OR bitcoin OR blockchain OR fintech OR criptomonedas OR criptoactivos OR ""cadena de bloques"")","Rodríguez-Correa, P. A., Bermeo-Giraldo, M. C., Hernandez-Betancur, J. E., López Martínez, A., Valencia-Arias, A., Tuesta Torres, E. R., & Raunelli Sander, J. M. (2026). Acceptance of FinTech services by university women. F1000Research, 15, 517. https://doi.org/10.12688/f1000research.166040.1","Background Services offered through digital platforms, known as FinTech, have become central to innovation in the financial sector by enabling faster, more reliable, and efficient transactions. These services have enhanced financial operations by reducing costs and increasing customer satisfaction. However, women have historically faced barriers in accessing traditional financial systems. FinTech is emerging as a potential tool for promoting their financial inclusion. This study focuses on understanding the factors that influence the acceptance of FinTech services among university women. Methods A quantitative approach was adopted, using Partial Least Squares Structural Equation Modeling (PLS-SEM). Data were collected through 547 surveys conducted with university women regarding their experiences and perceptions of FinTech services. The model tested the influence of various factors on their intention to adopt FinTech. Results The findings revealed a strong positive relationship between perceived ease of use and perceived usefulness. Additionally, perceived usefulness was positively associated with both perceived security and trust. Furthermore, perceived ease of use, brand image, perceived usefulness, and attitude showed a significant positive relationship with the intention to adopt FinTech. Conversely, perceived security, perceived trust, user innovation, and financial literacy demonstrated a negative relationship with the intention to adopt these services. Conclusions The results highlight key drivers and barriers in the adoption of FinTech among university women. While ease of use, usefulness, and brand image encourage adoption, unexpected negative associations with trust, security, and financial literacy suggest a complex perception landscape that deserves further investigation to enhance inclusive financial solutions."
nacional,,22,2025,Cesar Patricio-Peralta; Jimmy Max Ramírez Villacorta; Milton Freddy Amache Sanchez; Jacker Paredes Meneses; Jesús Elmer Zamora Mondragón; Luiz Augusto Hernadez Terrones; Paul Torres Santos; César David Veliz-Manrique; Mg. Walter Hernán Patricio Peralta,Blockchain as a digital governance tool: A systematic review,International Journal of Power Electronics and Drive Systems/International Journal of Electrical and Computer Engineering,15,4,3986-3986,articulo,B,0.0,0,10.11591/ijece.v15i4.pp3986-3995,https://doi.org/10.11591/ijece.v15i4.pp3986-3995,diamond,antecedentes/nacional/2025_Patricio_Peralta_Blockchain_as_a_digital_governance_tool_A_systematic_review.pdf,Federico Villarreal National University; Universidad Continental; Universidad César Vallejo; Universidad Nacional de la Amazonía Peruana; Universidad Tecnológica del Perú,2,OpenAlex,"(cryptocurrency OR cryptocurrencies OR bitcoin OR blockchain OR fintech OR criptomonedas OR criptoactivos OR ""cadena de bloques"")","Patricio-Peralta, C., Villacorta, J. R., Sánchez, M. A., Meneses, J. P., Mondragon, J. Z., Terrones, L. S., Santos, P. T., Manrique, C. V., & Peralta, W. P. (2025). Blockchain as a digital governance tool: A systematic review. International Journal of Electrical and Computer Engineering (IJECE), 15(4), 3986. https://doi.org/10.11591/ijece.v15i4.pp3986-3995","This systematic review explores the implementation of blockchain technology as a digital governance tool, focusing specifically on the Peruvian context. In the digital transformation era, blockchain has established itself as an innovative solution to manage and authenticate information. This research focuses on optimizing administrative and governmental processes in Peru, a country where document verification is crucial in legal, financial, educational, and medical procedures. The methodology used follows the problem/population, intervention, comparison, outcome, context (PICOC) model. 56 high-impact articles were selected in Scopus, prioritizing those in the areas of engineering, computer science, and business, and published between 2022 and 2025. The objective was to define the scope and structure of the research questions. These questions address the implementation of blockchain and its applications in digital governance to ensure security and reliability in administrative procedures. Through a comprehensive literature review, we seek to provide a comprehensive view of how blockchain could transform the interaction between citizens and the Peruvian government by automating document verification. In addition, successful cases from other countries and similar sectors will be analyzed, evaluating their feasibility and applicability in the Peruvian context. This approach will allow us to identify both the potential benefits and the challenges and implications associated with the integration of blockchain into government processes in Perú."
nacional,,23,2026,Javier Gamboa-Cruzado; Erik Loayza-Zarate; Gerson Loayza-Leon; Grover Mejia Osorio; Javier Rojas Villanueva; Edgar Vicente Armas; Ángel Núñez Meza; Alex Salazar-Marzal,"The Transformative Impact of Blockchain on Accounting Systems Auditing: A Systematic Literature Review of Data Integrity, Decentralization, and Accountability",Administrative Sciences,16,7,320-320,revision,B,0.0,0,10.3390/admsci16070320,https://doi.org/10.3390/admsci16070320,gold,,Daniel Alcides Carrión National University; Federico Villarreal National University; National University of San Marcos,2,OpenAlex,"(cryptocurrency OR cryptocurrencies OR bitcoin OR blockchain OR fintech OR criptomonedas OR criptoactivos OR ""cadena de bloques"")","Gamboa-Cruzado, J., Loayza-Zarate, E., Loayza-Leon, G., Mejia Osorio, G., Rojas Villanueva, J., Vicente Armas, E., Nuñez Meza, A., & Salazar-Marzal, A. (2026). The Transformative Impact of Blockchain on Accounting Systems Auditing: A Systematic Literature Review of Data Integrity, Decentralization, and Accountability. Administrative Sciences, 16(7), 320. https://doi.org/10.3390/admsci16070320","Digital transformation has increased interest in the use of blockchain in Accounting Systems Auditing because of its potential to strengthen data integrity, decentralized validation, traceability, and accountability. However, the available evidence remains fragmented across technical, theoretical, methodological, and bibliometric dimensions. This study systematically analyzes the literature on blockchain and its influence on Accounting Systems Auditing, focusing on effectiveness criteria, auditing indicators, journal quartiles, definitions, theoretical foundations, thematic patterns, and keyword co-occurrence. A systematic literature review was conducted following the Kitchenham approach and the PRISMA guideline, covering studies published between 2019 and August 2025. From 5031 initial records, 63 studies were retained after applying exclusion criteria and quality assessment. The findings show that blockchain effectiveness is mainly evaluated through data integrity and decentralization, while scientific production is concentrated in Q1 and Q2 journals. The literature remains strongly oriented toward technical and operational foundations, with limited integration of broader theoretical frameworks. Thematic analysis identifies tokenization and governance as motor themes, while blockchain, auditing, and accounting constitute the most influential semantic nodes. This review contributes by integrating conceptual, theoretical, methodological, metric, and bibliometric dimensions into a single framework, offering a clearer understanding of how blockchain may transform audit evidence, internal control, assurance quality, fraud risk, accountability, and auditor judgment. The field shows high scientific visibility but still requires stronger theoretical integration, evaluative standardization, and empirical validation in real-world auditing contexts."
nacional,,24,2026,Félix Díaz; Nhell Cerna; Rafael Liza; Bryan Motta,"Quantum-Safe Blockchain: Mapping Research Fronts in Post-Quantum Cryptography, Quantum Threat Models, and QKD Integration",Computers,15,4,240-240,articulo,B,0.0,0,10.3390/computers15040240,https://doi.org/10.3390/computers15040240,gold,,National University of Engineering; Universidad Científica del Sur; Universidad Continental; Universidad Tecnológica del Perú,2,OpenAlex,"(cryptocurrency OR cryptocurrencies OR bitcoin OR blockchain OR fintech OR criptomonedas OR criptoactivos OR ""cadena de bloques"")","Díaz, F., Cerna, N., Liza, R., & Motta, B. (2026). Quantum-Safe Blockchain: Mapping Research Fronts in Post-Quantum Cryptography, Quantum Threat Models, and QKD Integration. Computers, 15(4), 240. https://doi.org/10.3390/computers15040240","Quantum computing challenges the long-term security assumptions of blockchain systems that rely on classical public-key cryptography, motivating the adoption of post-quantum cryptography and quantum key distribution (QKD). This review maps research fronts at the intersection of blockchain and quantum-safe security, linking threat assumptions to post-quantum mechanisms, blockchain layers, and QKD positioning. Records were retrieved from Scopus and Web of Science using a two-block query and filtered through a PRISMA-guided workflow for bibliometric mapping. The final corpus comprises 648 journal articles and shows accelerated publication growth after 2023, with scientific production concentrated in a small set of leading countries. Keyword structures indicate that IoT-centric deployments dominate the semantic backbone, where authentication and intelligent methods co-occur with blockchain security primitives, while post-quantum and privacy-preserving constructs form a cohesive technical stream. QKD appears as a distinct but more specialized theme, typically discussed at the system level and shaped by infrastructure and scalability constraints. Overall, the literature is moving from conceptual risk articulation toward engineering integration; however, progress is limited by inconsistent reporting of threat models, post-quantum parameter sets, and ledger-level cost trade-offs, highlighting the need for auditable and reproducible evaluation."
nacional,,25,2025,Canh Phuc Nguyen; Nguyen Luyen Phuong Doan; Luis Chávez–Bedoya; Tam Hoang Nhat Dang; Hien Duy Phan,Introducing a new index of central bank digital currency development,Quality & Quantity,60,2,3675-3709,articulo,B,0.0,0,10.1007/s11135-025-02417-y,https://doi.org/10.1007/s11135-025-02417-y,closed,,Esan University,2,OpenAlex,"(cryptocurrency OR cryptocurrencies OR bitcoin OR blockchain OR fintech OR criptomonedas OR criptoactivos OR ""cadena de bloques"")","Nguyen, C. P., Doan, N., Chavez-Bedoya, L., Dang, T. H. N., & Phan, H. D. (2025). Introducing a new index of central bank digital currency development. Quality &Amp; Quantity, 60(2), 3675–3709. https://doi.org/10.1007/s11135-025-02417-y",
nacional,,26,2026,Jacqueline Carranza Cabanillas; Damaris Perez Casas; Marina Silvestre Romero; José German Salinas-Gamboa,La influencia de la Inteligencia Artificial en el cumplimiento de las Normas Internacionales de Información Financiera (NIIF),European Public & Social Innovation Review,11,,1-20,articulo,B,0.0,0,10.31637/epsir-2026-2664,https://doi.org/10.31637/epsir-2026-2664,diamond,antecedentes/nacional/2026_Cabanillas_La_influencia_de_la_Inteligencia_Artificial_en_el_cumplimien.pdf,Antenor Orrego Private University,2,OpenAlex,"(cryptocurrency OR cryptocurrencies OR bitcoin OR blockchain OR fintech OR criptomonedas OR criptoactivos OR ""cadena de bloques"")","Carranza Cabanillas, J., Perez Casas, D., Silvestre Romero, M., & Salinas Gamboa, J. G. (2026). The influence of Artificial Intelligence on compliance with International Financial Reporting Standards (IFRS). European Public &Amp; Social Innovation Review, 11, 1–20. https://doi.org/10.31637/epsir-2026-2664","Introducción: Este artículo de revisión analiza la influencia de la Inteligencia Artificial (IA) y tecnologías emergentes en el cumplimiento de las Normas Internacionales de Información Financiera (NIIF), considerando su impacto en la calidad, precisión y trazabilidad de la información contable. Metodología: Se realizó una revisión narrativa integrativa de literatura científica publicada entre 2015 y 2025, seleccionando estudios teóricos y empíricos sobre inteligencia artificial aplicada a contabilidad, auditoría y reporting financiero. Se priorizaron investigaciones relacionadas con tecnologías como machine learning, procesamiento de lenguaje natural, automatización robótica de procesos y blockchain en contextos normativos internacionales. Resultados: La evidencia indica que la automatización inteligente y el aprendizaje automático fortalecen procesos de reconocimiento, medición y revelación exigidos por las NIIF. Asimismo, Big Data y blockchain contribuyen a mejorar la transparencia y consistencia de la información financiera, aunque persisten desafíos asociados a brechas de adopción tecnológica y limitaciones organizacionales. Discusión: Los estudios muestran beneficios en eficiencia y estandarización, pero también riesgos vinculados con la explicabilidad de los modelos, la ciberseguridad y la necesidad de capacitación profesional, lo que exige mantener el juicio contable y la supervisión tecnológica. Conclusiones: La IA no reemplaza al contador, sino que transforma su rol hacia funciones más analíticas y estratégicas, representando una oportunidad para modernizar la práctica contable y fortalecer el cumplimiento de las NIIF."
nacional,,27,2022,Lisha Liu; Saeed Mousa; Gioia Arnone; Iskandar Muda; Rosario Huerta-Soto; Zhai Shiming,"Natural resources, green innovation, fintech, and sustainability: A fresh insight from BRICS",Resources Policy,80,,103119-103119,articulo,B,38.6745,204,10.1016/j.resourpol.2022.103119,https://doi.org/10.1016/j.resourpol.2022.103119,closed,,Universidad César Vallejo,1,OpenAlex,"(cryptocurrency OR cryptocurrencies OR bitcoin OR blockchain OR fintech OR criptomonedas OR criptoactivos OR ""cadena de bloques"")","Lisha, L., Mousa, S., Arnone, G., Muda, I., Huerta-Soto, R., & Shiming, Z. (2023). Natural resources, green innovation, fintech, and sustainability: A fresh insight from BRICS. Resources Policy, 80, 103119. https://doi.org/10.1016/j.resourpol.2022.103119",
nacional,,28,2026,Félix Díaz; Nhell Cerna; Rafael Liza; Bryan Motta,"Artificial Intelligence for Detecting Electoral Disinformation on Social Media: Models, Datasets, and Evaluation",Information,17,3,292-292,articulo,B,15.0254,1,10.3390/info17030292,https://doi.org/10.3390/info17030292,gold,,National University of Engineering; Universidad Científica del Sur; Universidad Continental; Universidad Tecnológica del Perú,1,OpenAlex,"(cryptocurrency OR cryptocurrencies OR bitcoin OR blockchain OR fintech OR criptomonedas OR criptoactivos OR ""cadena de bloques"")","Díaz, F., Cerna, N., Liza, R., & Motta, B. (2026). Artificial Intelligence for Detecting Electoral Disinformation on Social Media: Models, Datasets, and Evaluation. Information, 17(3), 292. https://doi.org/10.3390/info17030292","During elections, information manipulation on social media has accelerated the use of artificial intelligence, yet the evidence is difficult to interpret without an integrated view of methods, data, and evaluation. We mapped 557 English-language journal articles from Scopus and Web of Science, combining performance indicators, science mapping, and a focused full-text synthesis of highly cited papers. The literature grows sharply after 2019, peaks in 2025, and shows geographically uneven production, with collaboration structured around a small set of hubs. The thematic structure suggests that, during the pandemic era, infodemic-related research served as a catalyst, intensifying scientific attention to fake news and disinformation and expanding the associated detection and monitoring agendas. In addition, socio-political harm constructs such as hate speech, extremism, and polarization appear as recurrent and structurally central targets, highlighting that election-relevant work often extends beyond veracity assessment toward monitoring discourse risks. Blockchain also emerges as a novel and adjacent integrity theme, aligned with authenticity and provenance-oriented mitigation rather than mainstream detection pipelines. AI for electoral disinformation is not reducible to veracity classification, as influential studies also target automation and coordinated behavior, verification support, diffusion analysis, and estimation frameworks that focus on exposure and impact. Evaluation remains heterogeneous and is often shaped by benchmark settings, making high accuracy values hard to compare and potentially misleading when labeling quality, topic leakage, or context shift are not characterized. Overall, the findings motivate evaluation protocols that align operational objectives with modeling roles and explicitly address robustness to temporal and platform changes, asymmetric error costs during election windows, and representativeness across electoral contexts and languages, while also guiding future work on emerging integrity challenges and governance-relevant deployment settings."
nacional,,29,2023,Walter Bazán-Palomino; Daniel Svogun,On the drivers of technical analysis profits in cryptocurrency markets: A Distributed Lag approach,International Review of Financial Analysis,86,,102516-102516,articulo,B,8.4868,20,10.1016/j.irfa.2023.102516,https://doi.org/10.1016/j.irfa.2023.102516,closed,,University of the Pacific,1,OpenAlex,"(cryptocurrency OR cryptocurrencies OR bitcoin OR blockchain OR fintech OR criptomonedas OR criptoactivos OR ""cadena de bloques"")","Bazán-Palomino, W., & Svogun, D. (2023). On the drivers of technical analysis profits in cryptocurrency markets: A Distributed Lag approach. International Review of Financial Analysis, 86, 102516. https://doi.org/10.1016/j.irfa.2023.102516",
nacional,,30,2022,Daniel Svogun; Walter Bazán-Palomino,Technical analysis in cryptocurrency markets: Do transaction costs and bubbles matter?,Journal of International Financial Markets Institutions and Money,79,,101601-101601,articulo,B,6.9176,26,10.1016/j.intfin.2022.101601,https://doi.org/10.1016/j.intfin.2022.101601,closed,,University of the Pacific,1,OpenAlex,"(cryptocurrency OR cryptocurrencies OR bitcoin OR blockchain OR fintech OR criptomonedas OR criptoactivos OR ""cadena de bloques"")","Svogun, D., & Bazán-Palomino, W. (2022). Technical analysis in cryptocurrency markets: Do transaction costs and bubbles matter? Journal of International Financial Markets, Institutions and Money, 79, 101601. https://doi.org/10.1016/j.intfin.2022.101601",
nacional,,31,2022,"Mayorga Aragon, Rober Galindo",Incertidumbre política-económica y el precio del Bitcoin en el mercado Forex entre 2010 y 2020,,,,,tesis doctoral,T,,0,,https://hdl.handle.net/20.500.12692/116016,repositorio,antecedentes/nacional/2022_Aragon_Incertidumbre_politica_economica_y_el_precio_del_Bitcoin_en.pdf,UCV,6,ALICIA (CONCYTEC),"criptomonedas OR criptoactivos OR bitcoin OR blockchain OR ""cadena de bloques""","Mayorga Aragon, Rober Galindo (2022). Incertidumbre política-económica y el precio del Bitcoin en el mercado Forex entre 2010 y 2020. [Tesis doctoral, UCV]. https://hdl.handle.net/20.500.12692/116016","Este documento de investigación tuvo como propósito definir si existe correlación de algún nivel entre la primera variable Incertidumbre de la políticaeconómica y la segunda variable precio del Bitcoin desde el año 2010 hasta el año 2020 en el mercado Forex GDAX. Este trabajo de investigación es tipo básico y también descriptiva, con enfoque de tipo cuantitativo y el diseño del mismo no es experimental, en el cual muestra que, en época de incertidumbre política económica, los agentes financieros buscan adquirir la criptodivisa como activo de cobertura, según la población de datos registrados en forma histórica de los años 2010 hasta el año 2020 de las variables incertidumbre política económica y la variable precio del Bitcoin. Por otro lado, concluimos en esta investigación, que la variable Incertidumbre política Económica tiene correlación con, el precio de la criptomoneda Bitcoin en el mercado Forex GDAX, entre el año 2010 y el año 2020."
nacional,,32,2024,"Ibarra Trujillo, Manuel Herminio",Implicancias de la regulación de los criptoactivos en el ordenamiento jurídico mercantil peruano: Un enfoque monetarista,,,,,tesis doctoral,T,,0,,https://hdl.handle.net/20.500.12692/152919,repositorio,antecedentes/nacional/2024_Trujillo_Implicancias_de_la_regulacion_de_los_criptoactivos_en_el_ord.pdf,UCV,4,ALICIA (CONCYTEC),"criptomonedas OR criptoactivos OR bitcoin OR blockchain OR ""cadena de bloques""","Ibarra Trujillo, Manuel Herminio (2024). Implicancias de la regulación de los criptoactivos en el ordenamiento jurídico mercantil peruano: Un enfoque monetarista. [Tesis doctoral, UCV]. https://hdl.handle.net/20.500.12692/152919","El estudio presenta el objetivo investigativo, que guarda relación con el objetivo de desarrollo sostenible 8, sobre trabajo decente y crecimiento económico, y ahí radica su aporte, es por ello que se busca: Comprender las implicancias de la regulación de los criptoactivos en el ordenamiento jurídico mercantil en el Perú. La metodología aplicada fue cualitativa, tipo básico, diseño de teoría fundamentada, método inductivo, nivel descriptivo, participantes abogados y docentes universitarios. Se obtuvo como resultados a través de la revisión de diversos trabajos de investigación y entrevistas a expertos académicos información que permite recoger la necesidad de establecer reglas y criterios que permitan un control y supervisión de los criptoactivos como una innovación financiera como consecuencia del avance tecnológico, por lo que se concluye el estudio la necesidad de establecer un marco regulatorio integral para los criptoactivos, como bienes intangibles debido a su representación digital, capacidad de ser transferidos y almacenados electrónicamente, y su valor económico, asi como establecer un sistema de registro y licenciamiento para emisores y comercializadores, que garantice que tanto consumidores como inversionistas reciban información precisa y completa sobre los riesgos asociados, lo que permitirá que puedan tomar decisiones informadas."
nacional,,33,2024,"Bardales Diaz, Guillermo Alfredo",La moneda digital y su incidencia en la actividad financiera en el Perú 2022 – 2023,,,,,tesis doctoral,T,,0,,https://hdl.handle.net/20.500.12727/14672,repositorio,,USMP,4,ALICIA (CONCYTEC),"criptomonedas OR criptoactivos OR bitcoin OR blockchain OR ""cadena de bloques""","Bardales Diaz, Guillermo Alfredo (2024). La moneda digital y su incidencia en la actividad financiera en el Perú 2022 – 2023. [Tesis doctoral, USMP]. https://hdl.handle.net/20.500.12727/14672","El presente informe tiene como objetivo desarrollar cual ha sido la importancia de la moneda digital y como incide en la actividad financiera, teniendo en cuenta los cambios disruptivos y las herramientas virtuales que promueven el uso de este tipo de moneda, se debe tener en cuenta que se usó como instrumento de recopilación de datos, una encuesta compuesta por un cuestionario de 24 preguntas, dirigido a profesionales y especialistas en la rama de economía, y también una entrevista aplicada a expertos, empleándose una metodología, de tipo aplicada, y con un enfoque denominado cuantitativo y de un nivel de investigación descriptivo - explicativo .Esta investigación tuvo como resultados que el 64,6 % de las personas encuestadas está totalmente de acuerdo en que la centralización de la administración de la moneda digital contribuye a un mejor ordenamiento financiero nacional, así mismo el 58,2 % manifiesta que la seguridad tecnológica actual es suficiente para garantizar una adecuada implementación de la moneda digital sin inconvenientes en el mercado de divisas y el 45,6% opina que la moneda digital será el dinero circulante para la administración financiera en los próximos años, la moneda digital incidirá en los sistemas financieros, debido a que su volatilidad aún no tiene una gran fluctuación, lo que se traducirá en un mayor orden en el aspecto de las finanzas y economía, unido a un nuevo marco regulatorio reflejará un mejor ordenamiento financiero y la ciber tecnología contribuirá a la seguridad de las transacciones."
nacional,,34,2022,"Berdejo Chavez, Pedro Ruben",Variables que influyen en la intención de adopción de criptomonedas en Latinoamérica,,,,,tesis doctoral,T,,0,10.20511/USIL.thesis/12371,http://dx.doi.org/10.20511/USIL.thesis/12371,repositorio,,USIL,2,ALICIA (CONCYTEC),"criptomonedas OR criptoactivos OR bitcoin OR blockchain OR ""cadena de bloques""","Berdejo Chavez, Pedro Ruben (2022). Variables que influyen en la intención de adopción de criptomonedas en Latinoamérica. [Tesis doctoral, USIL]. http://dx.doi.org/10.20511/USIL.thesis/12371","La presente investigación busca identificar las variables que influyen en la intención de adopción de criptomonedas en Latinoamérica. Tomando de referencia el Modelo de Adopción Basado en el Valor (VAM) (Kim et al., 2007) y otros modelos con enfoque en la toma de decisiones basada en el valor, así como en modelos de otras investigaciones anteriores realizadas en otras partes del mundo referidas a adopción de criptomonedas, se desarrolló un modelo para evaluar la influencia del Valor Percibido, Utilidad Percibida, Valor Social Percibido, Valor Hedónico Percibido, Esfuerzo Percibido y Expectativa del Precio en la Intención de Adopción de Criptomonedas en Latinoamérica bajo el enfoque de decisión basada en el Valor. Se empleó este enfoque porque últimas investigaciones en neurociencia brindan sustento fisiológico a que los seres humanos tomamos decisiones haciendo evaluaciones valorativas de costo-beneficio (Kable & Glimcher, 2009; Rangel et al., 2008). La investigación empleó un diseño cuantitativo utilizando una encuesta con muestra no probabilística de usuarios y usuarios potenciales de 17 países de Latinoamérica. Como resultado se obtuvo que las variables del modelo explicaban de modo aceptable la varianza de la Intención de Adopción de Criptomonedas (R2 = 66.3%), siendo las variables más influyentes de modo directo el Valor Percibido y el Valor Social Percibido. Como aporte importante a nivel teórico esta es la primera investigación que evalúa la influencia de variables en la intención de adopción de criptomonedas bajo el enfoque de toma de decisiones basadas en el valor. Como aporte para los profesionales de administración y hacedores de políticas aporta recomendaciones para acelerar la adopción de criptomonedas en Latinoamérica."
nacional,,35,2023,"Donayre Paiva, Augusto Alberto",Impacto del desarrollo de las empresas financieras tecnológicas-Fintech- en el crecimiento de la inclusión financiera en el Perú entre el 2018 y 2020,,,,,tesis doctoral,T,,0,,https://hdl.handle.net/20.500.12727/12338,repositorio,,USMP,9,ALICIA (CONCYTEC),"fintech OR ""billetera digital"" OR ""billeteras digitales"" OR ""banca digital"" OR ""pagos digitales"" OR ""inclusion financiera""","Donayre Paiva, Augusto Alberto (2023). Impacto del desarrollo de las empresas financieras tecnológicas-Fintech- en el crecimiento de la inclusión financiera en el Perú entre el 2018 y 2020. [Tesis doctoral, USMP]. https://hdl.handle.net/20.500.12727/12338","El término Fintech define aquellos servicios financieros que facilitan nuestra vida cotidiana gracias a la disrupción tecnológica, englobando prestaciones como la banca digital, los créditos online, el cambio de divisas a través de la Red o los pagos online. En definitiva, hace referencia a productos o servicios que ponen en común la tecnología y el dinero. Las empresas de Fintech han reemplazado a los bancos como los principales desarrolladores de innovación financiera y han revolucionado totalmente la manera en la que accedemos y pagamos los productos que adquirimos, respondiendo a la demanda de los clientes, que exigen que se les facilite todavía más el control de sus finanzas. Una de las cosas más importante e interesante es la aparición de las pequeñas empresas financieras tecnológicas a través de las llamadas Startups, empresas que con un mínimo capital se establecieron con su principal activo: la tecnología, hecho que genero la gran producción de servicios y productos financieros tecnológicos virtuales. Este gran acontecimiento origino una escalada en el uso masivo de las finanzas personales y empresariales en aparatos electrónicos personales, lo cual al breve tiempo fue visto con muy buenos ojos por las grandes corporaciones financieras como por ejemplo Credicorp con el Banco de Crédito (Yape), Intercorp con el Interbank (Tunki), y otros grandes bancos a nivel nacional, los cuáles con sus grandes capitales han absorbido totalmente a todas estas pequeñas empresas que a medida que fueron creciendo se convirtieron en las famosas Empresas Financieras Tecnológicas- FINTECH. Las Fintech se hacen las grandes generadoras de productos y servicios financieros para cualquier tipo de usuario, grande o pequeño, persona o empresa, y desarrolla cientos de diversas formas de poder hacer tus finanzas desde un Teléfono celular, Un Ipad, una PC u otro cualquier aparato electrónico, acaparando la atención rápidamente por su facilidad y simplicidad creando valor y rentabilidad al usuario. Probablemente, la Fintech más conocida en el mercado peruano sea Yape, así no sea identificada por la mayoría como una perteneciente a esta industria. Esta plataforma del BCP facilita las transferencias de dinero entre usuarios asociados al mismo banco. “Sin embargo, otras fintech en la categoría de Pagos y Remesas no son propiedad de la banca, pero sí satisfacen necesidades similares, tales como Culqi, Pay&Go y Remesend. Por otro lado, Préstamos es el sector con mayor cantidad de fintech en el Perú, donde destacan startups como Andy, Solven, AgroCredit, Tienda Pago, etc. Asimismo, cabe resaltar otras empresas peruanas como Kambista en el sector de Comercio y Mercados, Novios a Bordo y Préstale un Sol en la categoría de Crowdfunding, y Comparabien en el grupo de Gestión de Finanzas Personales”."
nacional,,36,2025,"Astuhuaman Beraun, Elvis Alberto","Las empresas Fintech y la inclusión financiera en Perú y Colombia, período 2023-2024",,,,,tesis doctoral,T,,0,,https://hdl.handle.net/20.500.12727/19438,repositorio,,USMP,4,ALICIA (CONCYTEC),"fintech OR ""billetera digital"" OR ""billeteras digitales"" OR ""banca digital"" OR ""pagos digitales"" OR ""inclusion financiera""","Astuhuaman Beraun, Elvis Alberto (2025). Las empresas Fintech y la inclusión financiera en Perú y Colombia, período 2023-2024. [Tesis doctoral, USMP]. https://hdl.handle.net/20.500.12727/19438","La presente investigación tuvo como propósito determinar de qué manera las empresas Fintech inciden en la inclusión financiera en Perú y Colombia en los años 2023 y 2024. El estudio abordó ambas variables desde un enfoque teórico y práctico, considerando que la contribución de las plataformas digitales de las Fintech han sido un motor que ha permitido que los países de Perú y Colombia hayan mejorado sus indicadores de inclusión financiera, aunque con resultados diferentes. Para ello, se adoptó una metodología de tipo aplicada, con enfoque cuantitativo, diseño no experimental de corte transversal y nivel correlacional. La recolección de datos se efectuó mediante encuestas dirigidas a gerentes generales y gerentes financieros de empresas Fintech, y el procesamiento de la información se realizó con el software estadístico SPSS v.26. Los resultados evidenciaron que las Fintech en base a sus plataformas, flexibilización, ubicación geográfica en zonas donde no llega la banca tradicional ha crecido en operaciones de pagos y financiamiento de personas que actúan en la informalidad. Se concluyó que existe una relación significativa entre las Fintech y la inclusión financiera en los países de Perú y Colombia, recomendando a los gobiernos de ambos países implementar medidas que promuevan el acceso a tecnología digital en zonas donde accede la banca tradicional."
nacional,,37,2025,"Asturrizaga Rios, Freddy Arturo",Un mejor entendimiento de la inclusión financiera ofrecida por el Equity Crowdfunding en inversiones inmobiliarias,,,,,tesis doctoral,T,,0,,https://hdl.handle.net/20.500.14005/16259,repositorio,,USIL,4,ALICIA (CONCYTEC),"fintech OR ""billetera digital"" OR ""billeteras digitales"" OR ""banca digital"" OR ""pagos digitales"" OR ""inclusion financiera""","Asturrizaga Rios, Freddy Arturo (2025). Un mejor entendimiento de la inclusión financiera ofrecida por el Equity Crowdfunding en inversiones inmobiliarias. [Tesis doctoral, USIL]. https://hdl.handle.net/20.500.14005/16259","Objetivo: La presente investigación tuvo como propósito lograr un mejor entendimiento de la inclusión financiera ofrecida por el equity crowdfunding en las inversiones inmobiliarias. Método: La investigación se desarrolló con un enfoque cualitativo usando el diseño de estudios de casos múltiples, aplicando la técnica de entrevista a profundidad y el instrumento que se utilizó para la recolección de datos fue el protocolo validado de preguntas. En cuanto a la muestra usada para la investigación, ésta se conformó por 11 participantes, ocho personas inversionistas individuales y tres personas inversionistas de capital de riesgo, de los países de República Dominicana, Panamá y Perú con inversiones en proyectos equity crowdfunding inmobiliario en la región de Ica, Perú. Resultado: Se respondieron a las preguntas planteadas y se logró el objetivo de la investigación mediante la identificación y análisis de trece categorías relevantes, como son, inversión inmobiliaria, participación financiera, acceso oportuno, experiencia que inspira confianza, conocimiento basado en educación financiera, desarrollo rentable futuro, acceso a inversiones, cuotas de inversión bajas, perfil de acceso a plataforma, riesgo de un proyecto rentable, calidad y propiedad del inversionista, acceso ventajoso a propiedad de calidad, y finalmente desventaja riesgosa debido a falta de educación financiera. Discusión: Al no encontrarse estudios científicos previos enfocados en el objetivo planteado, para una mejor discusión, mayor detalle y solides teórica sobre que estos hallazgos cumplen el objetivo y responden a las preguntas planteadas, se discutieron las definiciones de cada una de las trece categorías identificadas, sustentadas con revisión de la literatura y evidencia en lo expresado por los entrevistados."
nacional,,38,2025,"Villalta Romero, Dante",La inclusión financiera y sus factores determinantes para América Latina periodo: 2004-2020,,,,,tesis doctoral,T,,0,,https://hdl.handle.net/20.500.12672/28025,repositorio,,UNMSM,2,ALICIA (CONCYTEC),"fintech OR ""billetera digital"" OR ""billeteras digitales"" OR ""banca digital"" OR ""pagos digitales"" OR ""inclusion financiera""","Villalta Romero, Dante (2025). La inclusión financiera y sus factores determinantes para América Latina periodo: 2004-2020. [Tesis doctoral, UNMSM]. https://hdl.handle.net/20.500.12672/28025","La Inclusión Financiera contribuye a mejorar el crecimiento económico y bienestar de la población de un país o de una región determinados. En el presente trabajo se analizan los factores que explican los determinantes de la Inclusión Financiera en los países de América Latina, en la perspectiva de potenciar las condiciones de acceso, uso y profundidad a los agentes económicos que están influenciados por un conjunto de variables que se pueden agrupar en seis factores: macroeconómicos, bancarios, socioeconómicos, gubernamentales, laborales y tecnológicos. En ese sentido, se ha utilizado la metodología de estimación, usando un modelo de datos o panel de efectos aleatorios, incluyendo un universo de catorce países de la región Latinoamericana, y el periodo de estudio 2004-2020. Los resultados del estudio indican que existe una correlación positiva, solo de manera parcial siendo los factores macroeconómicos, socioeconómicos y los factores tecnológicos los que han incidido de manera positiva y significativa, mientras que los factores bancarios, laborales y gubernamentales no aportan significancia al modelo. En conclusión, se puede afirmar que no todos los factores elegidos permiten ser considerados como determinantes de la Inclusión Financiera para el caso elegido como universo de estudio."
nacional,,39,2024,"Viera Zegarra, Lidia","Los canales digitales y la inclusión financiera en el ámbito rural de una institución financiera, Huamachuco, 2023",,,,,tesis doctoral,T,,0,,https://hdl.handle.net/20.500.12692/139314,repositorio,antecedentes/nacional/2024_Zegarra_Los_canales_digitales_y_la_inclusion_financiera_en_el_ambito.pdf,UCV,1,ALICIA (CONCYTEC),"fintech OR ""billetera digital"" OR ""billeteras digitales"" OR ""banca digital"" OR ""pagos digitales"" OR ""inclusion financiera""","Viera Zegarra, Lidia (2024). Los canales digitales y la inclusión financiera en el ámbito rural de una institución financiera, Huamachuco, 2023. [Tesis doctoral, UCV]. https://hdl.handle.net/20.500.12692/139314","El estudio tuvo como objetivo determinar la influencia de los canales digitales en la inclusión financiera en el ámbito rural de una institución financiera en sus operaciones, Huamachuco, 2023. La investigación fue aplicada, con enfoque cuantitativo, con un nivel de investigación correlacional-causal y de diseño no experimental. Participaron en la investigación 288 clientes, bajo muestreo probabilístico, en la recolección de datos se empleó la técnica de la encuesta y como instrumento un cuestionario, que fue validada mediante juicio de expertos y su confiabilidad fue establecida por el Alfa de Cronbach. Los resultados mostraron que el nivel de uso de canales digitales en el ámbito representa el 84 % es decir un nivel moderado, en cuanto a la inclusión financiera en el ámbito rural un 93.8% perciben un nivel bajo, por lo cual se concluyó que hay una influencia significativa, respaldando la hipótesis general y señalando que el nivel de uso de canales digitales influye directamente en un 65.7% en el nivel de inclusión financiera."
nacional,,40,2022,"Rijalba Palacios, Pablo","Microfinanzas, morosidad e inclusión financiera en la provincia de Piura, 2000-2018",,,,,tesis doctoral,T,,0,,https://hdl.handle.net/20.500.13084/6248,repositorio,antecedentes/nacional/2022_Palacios_Microfinanzas_morosidad_e_inclusion_financiera_en_la_provinc.pdf,UNFV,1,ALICIA (CONCYTEC),"fintech OR ""billetera digital"" OR ""billeteras digitales"" OR ""banca digital"" OR ""pagos digitales"" OR ""inclusion financiera""","Rijalba Palacios, Pablo (2022). Microfinanzas, morosidad e inclusión financiera en la provincia de Piura, 2000-2018. [Tesis doctoral, UNFV]. https://hdl.handle.net/20.500.13084/6248","En el presente trabajo de investigación se analizan los efectos del dinamismo de las Instituciones Microfinancieras (IMF) de la provincia de Piura en la morosidad y en el proceso de inclusión financiera en el período 2000 – 2018 extendiendo el análisis hasta el año 2020 para el contexto micro financiero nacional. Se aplicaron métodos cuantitativos basados en indicadores de desempeño, análisis factorial exploratorio y modelaciones logísticas de tipo binario referidas a 13 IMF y 4680 observaciones familiares provenientes de bases de datos de la SBS (2018) e INEI-ENAHO (2018). A partir de ello, se evalúa el desempeño de las instituciones microfinancieras (IMF) como respuesta al fallo del mercado: asimetría de información. La evidencia señala en Piura, buen desempeño de las microfinanzas, pero aún insuficiente para mejorar el desempeño social visto desde los involucrados. Esto, permite inferir que estaríamos frente a un proceso social que requiere de políticas públicas para mejorar y lograr que las microfinanzas sean uno de los instrumentos de la lucha contra la pobreza, alineada en el Objetivo de Desarrollo Sostenible 1: Inclusión Social."
local,,1,2024,Marco Antonio Ruelas Humpiri; Lucas Ponce Quispe; Hugo Freddy Condori Manzano; Lenard Wilder Poma Checalla,Las billeteras digitales (fintech) y la inclusión financiera de las Mypes comerciales en la región Puno,Revista de Investigación en Gestión y Finanzas,3,2,2-11,articulo,C,0.0,0,10.63525/rigf.2024.888,https://doi.org/10.63525/rigf.2024.888,diamond,,Universidad Nacional del Altiplano,5,OpenAlex,"(cryptocurrency OR cryptocurrencies OR bitcoin OR blockchain OR fintech OR criptomonedas OR criptoactivos OR ""cadena de bloques"")","Ruelas Humpiri, M. A., Ponce Quispe, L., Condori Manzano, H. F., & Poma Checalla, L. W. (2024). Digital wallets (fintech) and financial inclusion of commercial mypes in the Puno region. Revista de Investigación En Gestión Y Finanzas, 3(2), 2–11. https://doi.org/10.63525/rigf.2024.888","Las billeteras digitales son Fintech (Financial technology) que se enfocan como medio de pago que han aparecido como una forma de innovación financiera disruptiva de los modelos de negocios y que permiten la transformación de los servicios financieros tradicionales y da paso al uso de nuevos medios financieros de pagos como el Yape, Plin, Tunki y otros que aceleran los servicios de los consumidores a través del aprovechamiento del máximo de los recursos tecnológicos y fundamentalmente permite a muchos sectores de la población sin acceso a los servicios financieros la oportunidad de acceder a los mercados con el uso de esta nueva tecnología, ello también favorece al segmento de las Mypes para que agilicen sus transacciones y alcancen su verdadero potencial en sus operaciones económicas. Las Fintech han llegado para quedarse, y se viene consolidando como una forma de inclusión financiera de clientes y empresas, que permiten reducir el uso del dinero en efectivo y la erradicación del fraude. Precisamente, esta herramienta financiera innovadora hace referencia al uso de la tecnología y la innovación aplicados a la transformación de servicios financieros tradicionales y a la creación de nuevas experiencias financieras al servicio de los consumidores; Por lo tanto, el propósito de la investigación fue evaluar como las Fintech permiten ser una alternativa de inclusión financiera de las Mypes Comerciales en la Región Puno. El diseño de la investigación es no experimental de tipo transversal de nivel explicativo y de tipo cuantitativo, las técnicas de recolección de datos que se utilizaron son la observación y la encuesta. Los resultados de la investigación permiten demostrar que uso de las nuevas tecnologías financieras al servicio de la población y de las Mypes de la Región Puno son una alternativa de la inclusión financiera con proyecciones de crecimiento exponenciales y que aceleran las operaciones económicas en los mercados."
local,,2,2021,Laura Caballero Trenado,CRYPTOACTIVES. REGULATORY CHALLENGES AND DARES,,,,,articulo,C,,0,,http://revistas.unap.edu.pe/rd/index.php/rd/article/view/124,repositorio,,UNAP,5,ALICIA (CONCYTEC),"criptomonedas OR criptoactivos OR bitcoin OR blockchain OR ""cadena de bloques""",Laura Caballero Trenado (2021). CRYPTOACTIVES. REGULATORY CHALLENGES AND DARES. http://revistas.unap.edu.pe/rd/index.php/rd/article/view/124,"Bitcoin ha superado la barrera psicológica de los 60.000 dólares por unidad en el mes de abril de 2021 y todo apunta a que alcanzará cotas mayores en los años venideros. Como parte del ecosistema Fintech, que está conformado por una amalgama de criptoactivos, Bitcoin es tal vez la criptomoneda más conocida junto a Ethereum, pero no la única, pues ambas son “sólo la punta del iceberg de esta transformación digital de las finanzas” (Barrio, 2021). El inexorable avance de estos criptoactivos, cuyo sustrato tecnológico se basa en blockchain, representa un desafío legal sin precedentes al que el jurista debe aproximarse desde diversos sectores normativos. Precisamente, de esta ingente labor se ocupa Moisés Barrio Andrés en la monografía Criptoactivos. Retos y desafíos normativos, que ha dirigido junto a un nutrido grupo de destacados expertos en la materia. Planteada en torno a dieciocho capítulos, el estudio abarca desde los aspectos generales inherentes a las criptofinanzas hasta las cuestiones jurídico-sustantivas y jurídico-procesales más relevantes inherentes a su circulación en el tráfico jurídico."
local,,3,2024,Nieves del Pilar Pizzán Tomanguillo; Tony Venancio Pereyra-Gonzales; Segundo Victor León-Ramírez; Jhon Bautista Fasabi; Carlos Daniel Rosales-Bardalez; Roel Dante Gómez-Apaza; Sandra Lucero Pizzán Tomanguillo,Evolution and Trends in Digital Wallet Research: A Bibliometric Analysis in Scopus and Web of Science,Publications,12,4,34-34,articulo,B,2.607,7,10.3390/publications12040034,https://doi.org/10.3390/publications12040034,gold,,National University of San Marcos; Universidad César Vallejo; Universidad Peruana Unión,3,OpenAlex,"(cryptocurrency OR cryptocurrencies OR bitcoin OR blockchain OR fintech OR criptomonedas OR criptoactivos OR ""cadena de bloques"")","Pizzan-Tomanguillo, N. d. P., Pereyra-Gonzales, T. V., León-Ramírez, S. V., Bautista-Fasabi, J., Rosales-Bardalez, C. D., Gómez-Apaza, R. D., & Pizzán-Tomanguillo, S. L. (2024). Evolution and Trends in Digital Wallet Research: A Bibliometric Analysis in Scopus and Web of Science. Publications, 12(4), 34. https://doi.org/10.3390/publications12040034","Digital wallets have become a driving force in the global economy, with 2.4 billion users worldwide in 2020, a figure projected to reach 3.6 billion by 2026. This study conducts an in-depth bibliometric analysis to evaluate the current state and future trends of digital wallet research using scientific databases such as Scopus and Web of Science. A scoping review methodology was applied, in which we analyzed 778 documents, following an eligibility process with the following search terms: “digital wallet”, “mobile wallet”, and “e-wallet”. Results show that India, the United States, and China are leading research efforts in this field. Key factors influencing the adoption of digital wallets include data security, ease of use, and integration with traditional payment systems. While much research has focused on technological innovation and adoption, significant gaps remain in areas such as blockchain integration and AI-driven solutions. This article provides the first comprehensive bibliometric analysis of digital wallets, offering crucial insights into emerging trends such as “blockchain”, “electronic commerce”, and “digital payments” and their role in shaping the future of financial technology."
local,,4,2026,Constantino Paricela Huancollo; Yudy Huacani Sucasaca; Jesús Mamani Mamani,Educación financiera 4.0 y servicios Fintech en estudiantes universitarios,Impulso Revista de Administración,6,15,1-11,articulo,C,0.0,0,10.59659/impulso.v.6i15.349,https://doi.org/10.59659/impulso.v.6i15.349,diamond,antecedentes/local/2026_Huancollo_Educacion_financiera_4_0_y_servicios_Fintech_en_estudiantes.pdf,Universidad Andina Néstor Cáceres Velásquez,2,OpenAlex,"(cryptocurrency OR cryptocurrencies OR bitcoin OR blockchain OR fintech OR criptomonedas OR criptoactivos OR ""cadena de bloques"")","Paricela Huancollo, C., Huacani Sucasaca, Y., & Mamani Mamani, J. (2026). Financial Education 4.0 and Fintech Services in University Students. Impulso, Revista de Administración, 6(15), 1–11. https://doi.org/10.59659/impulso.v.6i15.349","Contexto: La educación financiera digital constituye un elemento relevante para la adopción responsable de servicios financieros tecnológicos, especialmente en estudiantes universitarios que interactúan con nuevos ecosistemas financieros. Objetivo: Determinar la relación entre la Educación Financiera 4.0 y el uso de servicios FinTech en estudiantes de pregrado de la Universidad Nacional de Juliaca, Perú. Metodología: Se desarrolló una investigación cuantitativa, correlacional y transversal. La muestra estuvo conformada por 152 estudiantes del VIII semestre, seleccionados mediante muestreo probabilístico estratificado. Se aplicó un cuestionario tipo Likert de 32 ítems y un test de conocimiento financiero digital de 10 ítems, ambos validados mediante juicio de expertos. Resultados: Los resultados evidenciaron una relación positiva y significativa entre la Educación Financiera 4.0 y el uso de servicios FinTech (Rho = 0,672; p < 0,001), indicando que mayores niveles de conocimiento y competencias financieras digitales se asocian con una mayor utilización de herramientas financieras tecnológicas. Conclusiones: La Educación Financiera 4.0 constituye una condición habilitante para el uso de servicios FinTech en estudiantes universitarios. Se destaca la necesidad de fortalecer competencias financieras digitales dentro de la formación superior para promover decisiones económicas informadas, seguras y adaptadas a los nuevos entornos tecnológicos."
local,,5,2022,Julio César Quispe Mamani; Giovana Araseli Flores Turpo; Wily Leopoldo Velásquez Velásquez; Carmen Nievez Quispe Lino; Daysy Silvia Choque Alanoca; Edgar Rolando Huarcaya Yana,"Efecto del riesgo de liquidez en el costo de financiamiento del sistema financiero: un análisis para el caso peruano, periodo 2015-2020",Religación,7,31,e210888-e210888,articulo,C,0.8378,4,10.46652/rgn.v7i31.888,https://doi.org/10.46652/rgn.v7i31.888,diamond,antecedentes/local/2022_Mamani_Efecto_del_riesgo_de_liquidez_en_el_costo_de_financiamiento.pdf,Universidad Andina Néstor Cáceres Velásquez; Universidad Nacional Intercultural de la Amazonía; Universidad Nacional Tecnológica de Lima Sur; Universidad Nacional del Altiplano,7,OpenAlex,"(volatility OR volatilidad OR GARCH OR ""value at risk"" OR ""valor en riesgo"") AND (stock OR stocks OR market OR exchange OR bolsa OR acciones OR ""tipo de cambio"" OR financial OR financiero)","Quispe Mamani, J. C., Flores Turpo, G. A., Velásquez Velásquez, W. L., Quispe Lino, C. N., Choque Alanoca, D. S., & Huarcaya Yana, E. R. (2022). Efecto del riesgo de liquidez en el costo de financiamiento del sistema financiero: un análisis para el caso peruano, periodo 2015-2020. Religación. Revista de Ciencias Sociales Y Humanidades, 7(31), e210888. https://doi.org/10.46652/rgn.v7i31.888","La rentabilidad de las entidades financieras a través del costo de financiamiento puede verse afectada por escenarios de tensión de riesgos de liquidez, por lo que la presente investigación busca responder la pregunta ¿El riesgo de liquidez diferenciado en financiamiento jurídico, natural, en moneda extranjera y nacional tienen algún efecto sobre el costo de financiamiento de las entidades bancarias de la banca múltiple, periodo setiembre 2015-noviembre 2020?; el objetivo fue analizar el riesgo de liquidez de la banca múltiple del sistema financiero peruano a través de la volatilidad de los depósitos y estimar el efecto sobre la rentabilidad de la banca múltiple a través del costo de financiamiento, teniendo en consideración las diferencias entre financiamiento jurídico, financiamiento natural, financiamiento en moneda extranjera y en moneda nacional. El método que se aplicó es un modelo de vectores autorregresivos (VAR) y funciones impulso respuesta, además de aplicar el modelo GARCH para hallar el nivel de volatilidad de los datos. Se trabajó con datos de la Superintendencia de Banca, Seguros y AFP (SBS), utilizando el Eviews 10. Se determinó que la volatilidad de depósitos en moneda nacional explica el comportamiento del costo de financiamiento, es decir, a mayor volatilidad de depósitos en moneda nacional genera mayores costos de financiamiento, asimismo; se obtuvo que la volatilidad de depósitos de personas jurídicas, la volatilidad de depósitos de personas natural y la volatilidad de depósitos en moneda extranjera no explican el comportamiento del costo de financiamiento."
local,,6,2026,Alexander Vladimir Velez Flores; Arturo Rafael Chayña Rodriguez; Wildor Jazmany Jara Vilca; Carlos Paul Hancco Ramos; Esteban Marín Paucará; Lucio Quea-Gutierrez; Juan Carlos Chayña-Contreras; Julian Apaza Chino; Mario Serafín Cuentas Alvarado; Yesenia Fátima Llanque Añacata; Anibal Sucari León,Predictive Model Based on Machine Learning to Determine Gold Price Fluctuation and Improve Trading Decisions,Journal of risk and financial management,19,7,533-533,articulo,B,0.0,0,10.3390/jrfm19070533,https://doi.org/10.3390/jrfm19070533,hybrid,,Universidad Nacional del Altiplano,6,OpenAlex,"(""machine learning"" OR ""aprendizaje automatico"" OR ""aprendizaje automático"" OR ""deep learning"" OR ""neural network"" OR ""redes neuronales"" OR LSTM) AND (stock OR price OR prices OR financial OR precio OR precios OR financiero OR ""exchange rate"")","Velez Flores, A. V., Chayña Rodriguez, A. R., Jara Vilca, W. J., Hancco Ramos, C. P., Marín Paucara, E., Quea-Gutierrez, L., Chayña-Contreras, J. C., Apaza-Chino, J., Cuentas Alvarado, M. S., Llanque Añacata, Y. F., & Sucari León, A. (2026). Predictive Model Based on Machine Learning to Determine Gold Price Fluctuation and Improve Trading Decisions. Journal of Risk and Financial Management, 19(7), 533. https://doi.org/10.3390/jrfm19070533","Gold’s price reflects currency, opportunity-cost, and safe-haven channels whose strength shifts across regimes, motivating an empirical, data-driven forecasting approach. This study develops a monthly gold price forecasting system for ASM sales-timing decisions in Peru (January 2020–June 2026) using macro-financial predictors including a geopolitical risk index and three U.S. monetary indicators, none of which were Granger-causal and were therefore excluded from the production set. After confirming non-stationarity and Johansen cointegration (four vectors), thirty-two model-feature-set combinations, including Elastic Net, Bayesian Ridge, and a PCA factor, were compared under strict temporal validation with bounded hyperparameter search. The selected model, Ridge regression on the CONTROL feature set, achieved a cross-validation MAPE of 2.29% and test MAPE of 3.62% (official)/3.15% (extended sensitivity window). It was benchmarked against random walk, historical mean, and exponential smoothing and evaluated via the Diebold–Mariano, Clark–West, encompassing, and Model Confidence Set tests (low-power caveats given the small sample). A dual-horizon Monte Carlo simulation, robust to heavy-tailed shocks, projected USD 4482/oz (December 2026) and USD 5106/oz (December 2027). A sales-timing backtest showed a statistically significant result (−0.67%) versus a passive strategy, indicating calibrated price information alone does not yet yield a reliable trading edge, supporting the model’s role as decision support rather than an autonomous trading signal."
local,,7,2022,Franklin Oré Areche; Kelyn Nataly Muñoz-Alejo; Cledi Puma Condori,Analysis and Detection of Fraud in Credit Card Using SILOF,INTERNATIONAL RESEARCH JOURNAL OF ENGINEERING AND APPLIED SCIENCES,10,3,34-41,articulo,C,0.0,0,10.55083/irjeas.2022.v10i03006,https://doi.org/10.55083/irjeas.2022.v10i03006,hybrid,antecedentes/local/2022_Areche_Analysis_and_Detection_of_Fraud_in_Credit_Card_Using_SILOF.pdf,Universidad Nacional de Huancavelica,5,OpenAlex,"(""machine learning"" OR ""aprendizaje automatico"" OR ""aprendizaje automático"" OR ""deep learning"" OR ""neural network"" OR ""redes neuronales"" OR LSTM) AND (stock OR price OR prices OR financial OR precio OR precios OR financiero OR ""exchange rate"")",", Ore-Areche, F., Muñoz-Alejo, K. N., Puma-Condori, C., & . (2022). Analysis and Detection of Fraud in Credit Card Using SILOF. INTERNATIONAL RESEARCH JOURNAL OF ENGINEERING &Amp; APPLIED SCIENCES, 10(3), 34–41. https://doi.org/10.55083/irjeas.2022.v10i03006","Nowadays e-commerce and online transaction is growing rapidly. For online and offline transaction most of the customer uses credit card. Credit card used globally for online transaction, buy goods, product, and payment. The rising use of credit card can increase the chances of fraud in credit card. Credit card system is at risk now. The effect of this fraudulent transaction is on the bank and institute causing a financial loss to them. For the detection of distinguish frauds, several machine learning models are utilized for better prediction. The major objective of this article is to identify the fraudulent transaction and outlier in credit card transaction. The dataset of credit card is unbalanced. There are various techniques by which fraudulent transaction can be detected and we have used these techniques such as isolation forest method, local outlier factor and support vector machine to determine fraud in credit card. We have used different matrices for enhancing the performance and accuracy. At last comparison analysis is done by using isolation forest, support vector machine, and local outlier which give the better result."
local,,8,2024,Alfredo Tumi Figueroa; Hayder M. A. Ghanimi; Senthil Raja M; D. Shamia; Samrat Ray; Jorge Ramos Surco,Using Optimized Long Short-Term Memory For Time-Series Forecasting of Electric Vehicles Battery Charging,Journal of Machine and Computing,,,11-20,articulo,C,0.1079,1,10.53759/7669/jmc202404002,https://doi.org/10.53759/7669/jmc202404002,hybrid,antecedentes/local/2024_Figueroa_Using_Optimized_Long_Short_Term_Memory_For_Time_Series_Forec.pdf,Universidad Nacional del Altiplano,3,OpenAlex,"(""machine learning"" OR ""aprendizaje automatico"" OR ""aprendizaje automático"" OR ""deep learning"" OR ""neural network"" OR ""redes neuronales"" OR LSTM) AND (stock OR price OR prices OR financial OR precio OR precios OR financiero OR ""exchange rate"")","Figueroa, A. T. F., Ghanimi, H. M. A., M, S. R., D, S., Ray, S., & Surco, J. R. (2024). Using Optimized Long Short-Term Memory For Time-Series Forecasting of Electric Vehicles Battery Charging. Journal of Machine and Computing, 11–20. Internet Archive. https://doi.org/10.53759/7669/jmc202404002","The last decade has seen a significant rise in the adoption and development of Electric Vehicles (EVs), driven by environmental concerns, technological advancements, and governmental support. Batteries, central to EVs, have witnessed groundbreaking innovations in terms of energy density, charging speeds, and longevity. Expanding charging infrastructure and the automotive industry's investment in EV research have made them more mainstream. Effective Battery Management (BM), which includes monitoring essential parameters and thermal management, is critical for the longevity and reliability of EVs. Accurate charge prediction, in particular, aids in trip planning, reduces range anxiety and facilitates cost-effective charging coordinated with dynamic electricity pricing. Traditional models like linear regression and Autor-Rgressive Integrated Moving Average (ARIMA) have been standard for EV battery charge prediction. However, these often struggle with the dynamic nature of EV charging data. Even models like the vanilla Long Short-Term Memory (LSTM), which are adept at recognizing long-term patterns, require meticulous hyperparameter tuning. This work introduces the DWT-DE-LSTM model, which utilizes the Discrete Wavelet Transform (DWT) to dissect battery charging data at different resolutions and a Differential Evolution (DE) strategy for model optimization. Tests using the Panasonic 18650PF Li-ion Battery Dataset revealed the superior efficacy of the DWT-DE-LSTM model, emphasizing its suitability for real-world battery charge prediction."
local,,9,2025,Robert Antonio Romero-Flores; Lenin Huayta-Flores; Hugo Yosef Gomez-Quispe; Carlos Boris Sosa-Mayda; Fredy Aparicio Castillo-Suaquita; Javier Mamani-Paredes; Bryan Joseph Huanca-Supo,"Optimizing Quinoa Production Systems in Andean Communities: A Machine Learning-Enhanced Economic Model for Poverty Reduction in Puno, Peru",Journal of Posthumanism,5,7,,articulo,B,0.0,0,10.63332/joph.v5i7.3092,https://doi.org/10.63332/joph.v5i7.3092,diamond,,Universidad Nacional del Altiplano,2,OpenAlex,"(""machine learning"" OR ""aprendizaje automatico"" OR ""aprendizaje automático"" OR ""deep learning"" OR ""neural network"" OR ""redes neuronales"" OR LSTM) AND (stock OR price OR prices OR financial OR precio OR precios OR financiero OR ""exchange rate"")","Romero-Flores, R. A., Huayta-Flores, L., Gomez-Quispe, H. Y., Sosa-Mayda, C. B., Castillo-Suaquita, F. A., Mamani-Paredes, J., & Huanca-Supo, B. J. (2025). Optimizing Quinoa Production Systems in Andean Communities: A Machine Learning-Enhanced Economic Model for Poverty Reduction in Puno, Peru. Journal of Posthumanism, 5(7). https://doi.org/10.63332/joph.v5i7.3092","This research introduces a method to help improve quinoa farming in Puno Perú area by blending programming and machine learning methods to tackle issues faced in today’s global agricultural markets efficiently and effectively using information from a span of 26 years. Through our work and study details over these years we formulated a model that balances maximizing profits while handling market fluctuations effectively and efficiently Our results highlighted that market prices for quinoa are heavily impacted by market dynamics rather, than local production conditions (correlation coefficient; 0.147; significance level; p > 0.05).The understanding influenced the linear approach that determined the best prices for selling and break even points effectively surpass traditional techniques by utilizing machine learning models while ensemble approaches showed better performance outcomes surpass the average methods used in the industry. Moreover, reactionary models identified changes in market trends accurately while long short-term memory networks forecasted price fluctuation tendencies."
local,,10,2023,Deepshikha Bhargava; Amitabh Bhargava; Romel Percy Melgarejo Bolivar; Abigail M. Montes de Oca-Nina; Sushovan Chaudhury,Enhancing Personalization of Customer Services in E-Commerce System using Predictive Analytics,Fluctuation and Noise Letters,23,02,,articulo,B,0.5363,3,10.1142/s021947752440011x,https://doi.org/10.1142/s021947752440011x,closed,,Universidad Nacional del Altiplano,1,OpenAlex,"(""machine learning"" OR ""aprendizaje automatico"" OR ""aprendizaje automático"" OR ""deep learning"" OR ""neural network"" OR ""redes neuronales"" OR LSTM) AND (stock OR price OR prices OR financial OR precio OR precios OR financiero OR ""exchange rate"")","Bhargava, D., Bhargava, A., Melgarejo-Bolivar, R. P., Montes de Oca-Nina, A. M., & Chaudhury, S. (2023). Enhancing Personalization of Customer Services in E-Commerce System using Predictive Analytics. Fluctuation and Noise Letters, 23(02). https://doi.org/10.1142/s021947752440011x","The extensive study was conducted to enhance the prediction of customer turnover in an online retail and distribution organization. The study combines data from surveys, consumer comments, and financial records to uncover themes from textual assessments using state-of-the-art methodologies. Methods such as Dirichlet Multilayer Perceptron Mixing, Latent Dirichlet Allocation and Random Sampling fall within this category. In addition to its usage for assessing geographic data for location-based consumer segmentation, DBSCAN is a crucial tool for this investigation. Model development for churn prediction and root cause analysis makes use of logistic regression and extreme gradient boosting. The statistical and practical benefits of the proposed paradigm are shown via comparison to existing options. A model’s predictive efficacy may be evaluated using the area under the curve or the lift metric. The research also introduces the concept of “Consumer-driven energy-efficient WSNs architecture for Personalization and contextualization in E-commerce Systems,” which suggests using wireless sensor networks (WSNs) to collect data efficiently, provide customized service and provide context for online purchases. Overall, the research demonstrates the effectiveness of machine learning in harnessing consumer input for strategic decision-making, illuminating the potential of creative sensor network integration in enhancing e-commerce personalization and contextualization."
local,,11,2023,Hector Aroquipa; Alvaro I. Hurtado; Christiam Angel; Angel Aroquipa; Adriel Gamarra; Alexandre Almeida Del Savio,A cost-benefit analysis for the appraisal of social and market prices in the probabilistic seismic risk assessment of building portfolios: A methodology for the evaluation of disaster risk reduction programs,International Journal of Disaster Risk Reduction,90,,103637-103637,articulo,B,2.2153,20,10.1016/j.ijdrr.2023.103637,https://doi.org/10.1016/j.ijdrr.2023.103637,closed,,National University of Saint Anthony the Abbot in Cuzco; Universidad Nacional del Altiplano; Universidad de Lima,3,OpenAlex,"(portfolio OR portafolio OR ""cartera de inversion"" OR ""cartera de inversión"") AND (risk OR riesgo OR optimization OR optimizacion OR optimización)","Aroquipa, H., Hurtado, A., Angel, C., Aroquipa, A., Gamarra, A., & Almeida Del Savio, A. (2023). A cost-benefit analysis for the appraisal of social and market prices in the probabilistic seismic risk assessment of building portfolios: A methodology for the evaluation of disaster risk reduction programs. International Journal of Disaster Risk Reduction, 90, 103637. https://doi.org/10.1016/j.ijdrr.2023.103637",
local,,12,2022,Hector Aroquipa; Alvaro I. Hurtado,Seismic resilience assessment of buildings: A simplified methodological approach through conventional seismic risk assessment,International Journal of Disaster Risk Reduction,77,,103047-103047,articulo,B,4.2901,44,10.1016/j.ijdrr.2022.103047,https://doi.org/10.1016/j.ijdrr.2022.103047,closed,,Federico Villarreal National University; Universidad Nacional del Altiplano,1,OpenAlex,"(portfolio OR portafolio OR ""cartera de inversion"" OR ""cartera de inversión"") AND (risk OR riesgo OR optimization OR optimizacion OR optimización)","Aroquipa, H., & Hurtado, A. (2022). Seismic resilience assessment of buildings: A simplified methodological approach through conventional seismic risk assessment. International Journal of Disaster Risk Reduction, 77, 103047. https://doi.org/10.1016/j.ijdrr.2022.103047",
local,,13,2025,Eder Alexander Estrada Cruz; Alberto Magno Cutipa Limache,Factores de intención de uso de billeteras digitales en el contexto global: Una Revisión Sistemática,Comuni cción Revista de Investigación en Comunicación y Desarrollo,16,1,5-18,articulo,C,0.7858,2,10.33595/2226-1478.16.1.1261,https://doi.org/10.33595/2226-1478.16.1.1261,diamond,antecedentes/local/2025_Cruz_Factores_de_intencion_de_uso_de_billeteras_digitales_en_el_c.pdf,Universidad Nacional del Altiplano,4,OpenAlex,"(""financial inclusion"" OR ""inclusion financiera"" OR ""inclusión financiera"" OR ""digital payments"" OR ""pagos digitales"" OR ""mobile money"" OR ""billetera digital"" OR ""financial literacy"" OR ""educacion financiera"" OR ""educación financiera"")","Estrada Cruz, E. A., & Cutipa-Limache, A. M. (2025). Intention factors to use electronic wallets in the global context: A Systematic Review. Comuni@Cción: Revista de Investigación En Comunicación Y Desarrollo, 16(1), 5–18. https://doi.org/10.33595/2226-1478.16.1.1261","Las billeteras digitales representan una herramienta nueva en la transformación digital del sistema financiero, facilitando operaciones pago y cobro en tiempo real. Este estudio tiene como objetivo identificar los factores determinantes que explican la intención de uso de las billeteras digitales en un contexto global. Para ello, se utilizó el método de revisión sistemática PRISMA, a través del cual se seleccionaron 83 estudios de las bases de datos Scopus, Redalyc y Scielo, tras un riguroso proceso de filtrado. Los criterios de inclusión abarcaron investigaciones cuantitativas publicadas entre 2020 y 2024, basadas en modelos tecnológicos validados. Los resultados descriptivos indican que la mayoría de los estudios sobre el uso de billeteras digitales se concentran en Asia y emplean predominantemente los modelos teóricos de Aceptación Tecnológica (TAM) y la Teoría Unificada de Aceptación y Uso de la Tecnología (UTAUT), junto con sus extensiones; además, los datos en este tipo de estudios se analizan principalmente mediante el modelado de Ecuaciones Estructurales por Mínimos Cuadrados Parciales (PLS-SEM). Y como resultado principal, se identificó que los factores más influyentes en la intención de uso de las billeteras digitales son la confianza percibida, la utilidad percibida, la facilidad de uso, la influencia social y la expectativa de rendimiento. Estos elementos son fundamentales y deben ser considerados para optimizar y expandir el uso de esta tecnología."
local,,14,2026,Wladimir Chuquimia-Rivero; Elizabeth Emperatriz García-Salirrosas; Dany Yudet Millones-Liza; Miluska Villar-Guevara,"Dynamics of Financial Decisions for 21st-Century Economic Environments: The Link Between Business Performance, Inclusion, and Financial Literacy of Entrepreneurs in Latin America",International Journal of Financial Studies,14,5,110-110,articulo,B,18.0239,1,10.3390/ijfs14050110,https://doi.org/10.3390/ijfs14050110,gold,,National University of Engineering; Universidad Peruana Unión; Universidad Tecnológica del Perú,2,OpenAlex,"(""financial inclusion"" OR ""inclusion financiera"" OR ""inclusión financiera"" OR ""digital payments"" OR ""pagos digitales"" OR ""mobile money"" OR ""billetera digital"" OR ""financial literacy"" OR ""educacion financiera"" OR ""educación financiera"")","Chuquimia-Rivero, W., García-Salirrosas, E. E., Millones-Liza, D. Y., & Villar-Guevara, M. (2026). Dynamics of Financial Decisions for 21st-Century Economic Environments: The Link Between Business Performance, Inclusion, and Financial Literacy of Entrepreneurs in Latin America. International Journal of Financial Studies, 14(5), 110. https://doi.org/10.3390/ijfs14050110","Entrepreneurs represent a key piece in the generation of jobs and contribution to the economy through the performance of their businesses. Taking into account that literacy and financial inclusion constitute a business facilitator for the development of businesses, this study was based on analyzing the three variables, aiming to identify whether inclusion and financial literacy influence business performance. Through a non-experimental, quantitative study based on structural equations, a sample of 469 entrepreneurs from Peru, Bolivia, and Colombia was studied. The hypotheses were supported by observing the positive effect of one component of financial literacy (Cash Forecasting) and three components of financial inclusion (Access, Barriers, and Use) on Business Performance. However, the proposed model shows that the direct effect of two components (Bookkeeping and Financial Education) of financial literacy is not statistically significant. Therefore, these factors are vital tools that can help Latin American entrepreneurs make informed financial decisions, manage resources effectively, and build solid and sustainable businesses."
local,,15,2025,Julio César Quispe Mamani; Santotomas Licimaco Aguilar Pinto; Duverly Joao Incacutipa-Limachi; Marleny Quispe-Layme; Giovana Araseli Flores-Turpo; Rolando Cáceres-Quenta; Maria Isabel Alegre-Larico; Adderly Mamani-Flores; Wily Leopoldo Velásquez-Velásquez; Charles Arturo Rosado-Chávez; Marcial Guevara-Mamani,"Decomposing the Gender Gap in Financial Inclusion: An Oaxaca–Blinder Analysis for Peru, 2024",Social Sciences,14,9,567-567,articulo,B,1.2986,1,10.3390/socsci14090567,https://doi.org/10.3390/socsci14090567,gold,,Amazon National University of Madre de Dios; Universidad Andina Néstor Cáceres Velásquez; Universidad Nacional de Moquegua; Universidad Nacional del Altiplano,2,OpenAlex,"(""financial inclusion"" OR ""inclusion financiera"" OR ""inclusión financiera"" OR ""digital payments"" OR ""pagos digitales"" OR ""mobile money"" OR ""billetera digital"" OR ""financial literacy"" OR ""educacion financiera"" OR ""educación financiera"")","Quispe-Mamani, J. C., Aguilar-Pinto, S. L., Incacutipa-Limachi, D. J., Quispe-Layme, M., Flores-Turpo, G. A., Cáceres-Quenta, R., Alegre-Larico, M. I., Mamani-Flores, A., Velásquez-Velásquez, W. L., Rosado-Chávez, C. A., & Guevara-Mamani, M. (2025). Decomposing the Gender Gap in Financial Inclusion: An Oaxaca–Blinder Analysis for Peru, 2024. Social Sciences, 14(9), 567. https://doi.org/10.3390/socsci14090567","The objective of this study was to quantify and decompose the gender gap in access to and use of financial services in Peru for the year 2024, distinguishing between the portion explained by observable characteristics and the unexplained component, which is associated with discrimination or differential returns. The methodology employed a quantitative analysis based on the National Household Survey (ENAHO), using weighted and unweighted Oaxaca–Blinder decomposition models on a representative sample of 14,240 household members. The explanatory variables included age, monthly household income, years of education, area of residence, marital status, employment status, and participation in social programs. The findings revealed a significant gender gap in financial inclusion of −2.16 percentage points, with the majority attributable to the unexplained component (−0.0724), indicating structural inequalities in the returns men and women receive from their characteristics. Variables such as years of education, monthly household income, and age had significant effects but yielded lower benefits for women. It is concluded that closing the gender gap in financial inclusion in Peru requires more than improving women’s individual characteristics; it also entails addressing differential returns and promoting gender-focused public policies that ensure equitable conditions in accessing the formal financial system."
local,,16,2023,Hugo Freddy Condori Manzano; Héctor Efraín Flores Ortega; German Roberto Quispe Zapana; Roberto Chávez Flores; Jhonatan Hinojosa Mamani; Javier Elías Mamani Gamarra,"Educación financiera y toma de decisiones en Contadores Públicos, Puno - Perú",Ciencia Latina Revista Científica Multidisciplinar,7,4,2293-2316,articulo,C,0.7959,2,10.37811/cl_rcm.v7i4.7077,https://doi.org/10.37811/cl_rcm.v7i4.7077,diamond,antecedentes/local/2023_Manzano_Educacion_financiera_y_toma_de_decisiones_en_Contadores_Publ.pdf,Universidad Nacional del Altiplano,2,OpenAlex,"(""financial inclusion"" OR ""inclusion financiera"" OR ""inclusión financiera"" OR ""digital payments"" OR ""pagos digitales"" OR ""mobile money"" OR ""billetera digital"" OR ""financial literacy"" OR ""educacion financiera"" OR ""educación financiera"")","Condori Manzano, H. F., Flores Ortega, H. E., Quispe Zapana, G. R., Chavez Flores, R., Hinojosa Mamani, J., & Mamani Gamarra, J. E. (2023). Educación financiera y toma de decisiones en Contadores Públicos, Puno - Perú. Ciencia Latina Revista Científica Multidisciplinar, 7(4), 2293–2316. https://doi.org/10.37811/cl_rcm.v7i4.7077","En las últimas décadas varias organizaciones internacionales y nacionales han alertado sobre la necesidad de mejorar la educación financiera de las personas e instituciones ya que las carencias en este ámbito pueden conducir a las personas y empresas a adoptar decisiones erróneas sobre su economía personal y empresarial, en ese contexto la investigación tuvo como objetivo general analizar la educación financiera y toma de decisiones de los contadores públicos de la región Puno - Perú. La metodología que se utilizó se encuentra enmarcada en un enfoque cuantitativo; de alcance descriptivo y diseño no experimental – transeccional. La muestra estuvo conformada por 350 contadores públicos a los que se aplicó una encuesta. Los resultados muestran que la falta de definición de competencias articuladas en el nivel básico regular y universitario influye de forma negativa en la toma de decisiones, como se evidencia en la Prueba PISA en el nivel regular que solamente alcanzo el nivel 1 y parte del nivel 2 y a nivel universitario el 78% de contadores manifiesta que, si tiene conocimientos sobre educación financiera, el 34% manifiesta que la educación financiera no proviene de las aulas universitarias sino de programas que escuchan a través de los medios de comunicación. El 78% manifiesta que la información del sistema financiero no es clara y 88% tiene dificultades para asimilar términos financieros."
local,,17,2026,Raquel Mamani Cabrera; Guisell Soledad Cansaya Yucra; Lady Rosmery Ccopa Acrota Rosmery Ccopa Acrota; Nelly Rosario Moreno-Leyva,Estrategias financieras para gestionar la morosidad en colegios privados: Un análisis cualitativo,Revista de Estudios Empresariales y Jurídicos .,4,1,1-15,articulo,C,0.0,0,10.37354/reej.2026.4.1.001,https://doi.org/10.37354/reej.2026.4.1.001,diamond,,Universidad Peruana Unión,2,OpenAlex,"(""financial inclusion"" OR ""inclusion financiera"" OR ""inclusión financiera"" OR ""digital payments"" OR ""pagos digitales"" OR ""mobile money"" OR ""billetera digital"" OR ""financial literacy"" OR ""educacion financiera"" OR ""educación financiera"")","Mamani Cabrera, R., Cansaya Yucra, G. S., Rosmery Ccopa Acrota, L. R. C. A., & Moreno-Leyva, N. R. (2026). Estrategias financieras para gestionar la morosidad en colegios privados: Un análisis cualitativo. REEJ | Revista Estudios Empresariales Y Jurídicos, 4(1), 1–15. https://doi.org/10.37354/reej.2026.4.1.001","El estudio como objetivo se trazó identificar las estrategias financieras con relación a la gestión de la morosidad en colegios privados. Adoptó una metodología de enfoque cualitativo de nivel interpretativo. Se aplico entrevistas semiestructuradas a seis directores de instituciones educativas particulares de educación secundaria en la ciudad de Juliaca, la selección se atribuye a contar con más de 200 estudiantes matriculados, cobrar pensiones de enseñanza y contar con la aceptación de participar del estudio. La data fue analizada a través de la codificación categorización y transcripción. Los datos fueron analizados a través del software Atlas Ti. Los resultados revelaron que los sujetos del estudio implementan estrategias de cobranza proactiva y represiva. Dentro de la gestión se encuentran las becas, incentivos, facilidades de pago para las familias, la comunicación efectiva y los programas de educación financiera los cuales son esenciales para reducir la morosidad. Como conclusión el estudio aporta estrategias efectivas que mejoran la gestión financiera en las instituciones educativas. Su alcance geográfico limitado sugiere futuras investigaciones cuantitativas y comparativas en otros aspectos."
local,,18,2025,Balbina Cutipa-Quilca; Elena Yunga,Educación financiera y rendimiento académico en los estudiantes de posgrado de una universidad pública peruana,Technological Innovations Journal,4,4,7-20,articulo,C,0.0,0,10.35622/j.ti.2025.04.001,https://doi.org/10.35622/j.ti.2025.04.001,hybrid,antecedentes/local/2025_Cutipa_Quilca_Educacion_financiera_y_rendimiento_academico_en_los_estudian.pdf,Universidad Nacional del Altiplano,2,OpenAlex,"(""financial inclusion"" OR ""inclusion financiera"" OR ""inclusión financiera"" OR ""digital payments"" OR ""pagos digitales"" OR ""mobile money"" OR ""billetera digital"" OR ""financial literacy"" OR ""educacion financiera"" OR ""educación financiera"")","Cutipa-Quilca, B., & Yunga, E. (2025). Educação financeira e desempenho acadêmico em estudantes de pós-graduação de uma universidade pública peruana. Technological Innovations Journal, 4(4), 7–20. https://doi.org/10.35622/j.ti.2025.04.001","Difficulties in personal financial management are a recurring problem among postgraduate students at public universities, who often face academic, work, and economic demands simultaneously. This situation may be associated with their perceived academic performance and their persistence in study programs. In this context, the objective of this research was to analyze the relationship between financial education and perceived academic performance in postgraduate students at a Peruvian public university. The study followed a quantitative approach with a non-experimental, correlational, cross-sectional design. The sample consisted of 536 students enrolled in master’s programs in accounting and administrative sciences. Data were collected using a structured questionnaire that assessed financial education through the dimensions of financial knowledge, financial behavior, and financial attitudes, as well as perceived academic performance through cognitive performance, academic behavior, and academic self-efficacy. The instrument’s reliability was verified using Cronbach’s alpha, obtaining adequate values for financial education (α = 0.870) and perceived academic performance (α = 0.892). The results showed that 67.2% of students have a high level of financial education, and 64.2% have a high level of perceived academic performance. Likewise, a positive and significant correlation was identified between both variables (ρ = 0.617; p < .001). It is concluded that financial education is significantly related to students’ perceived academic performance, highlighting the need to strengthen financial literacy programs in public higher education institutions."
local,,19,2025,Hugo Freddy Condori Manzano; Agustina Rojas,Competencias Profesionales en Educación Financiera y toma de decisiones de los Contadores Públicos de la región Puno-Perú,Revista de Investigación en Gestión y Finanzas,4,1,43-54,articulo,C,0.0,0,10.63525/rigf.2025.899,https://doi.org/10.63525/rigf.2025.899,diamond,,Universidad Nacional del Altiplano,2,OpenAlex,"(""financial inclusion"" OR ""inclusion financiera"" OR ""inclusión financiera"" OR ""digital payments"" OR ""pagos digitales"" OR ""mobile money"" OR ""billetera digital"" OR ""financial literacy"" OR ""educacion financiera"" OR ""educación financiera"")","Condori Manzano, H. F., & Rojas Apaza, A. (2025). Professional Competencies in Financial Education and Decision Making of Public Accountants in the Puno-Peru Region. Revista de Investigación En Gestión Y Finanzas, 4(1), 43–54. https://doi.org/10.63525/rigf.2025.899","En las últimas décadas varias organizaciones internacionales y nacionales han alertado sobre la necesidad de mejorar la educación financiera de las personas e instituciones ya que las carencias en este ámbito pueden conducir a las personas y empresas a adoptar decisiones erróneas sobre su economía personal y empresarial, en ese contexto la investigación tuvo como objetivo general analizar competencias profesionales en Educación Financiera y toma de decisiones de los Contadores Públicos de la región Puno-Perú. La metodología que se utilizó se encuentra enmarcada en un enfoque cuantitativo; de alcance descriptivo y diseño no experimental – transeccional. La muestra estuvo conformada por 350 contadores públicos a los que se aplicó una encuesta. Los resultados muestran que la falta de definición de competencias articuladas en el nivel básico regular y universitario influye de forma negativa en la toma de decisiones, como se evidencia en la Prueba PISA en el nivel regular que solamente alcanzo el nivel 1 y parte del nivel 2 y a nivel universitario el 78% de contadores manifiesta que, si tiene conocimientos sobre educación financiera, el 34% manifiesta que la educación financiera no proviene de las aulas universitarias sino de programas que escuchan a través de los medios de comunicación. El 78% manifiesta que la información del sistema financiero no es clara y 88% tiene dificultades para asimilar términos financieros."
local,,20,2024,Alejandro Ticona Machaca; Félix Henry Gutiérrez Castillo; B. TURPO; Dominga Micaela Cano Ccoa; Roger Yucra Quispe; John Herbert Cahuana Sánchez; Corina Nanci Duran Ttito; Yasser Malaga-Yllpa; Lourdes Janet Silva-Flores; Paulo César Callupe Cueva,Peru’s National Policy on Financial Inclusion and Its Alignment with Sustainable Development Goal I,Sustainability,16,10,4151-4151,articulo,B,6.1902,8,10.3390/su16104151,https://doi.org/10.3390/su16104151,gold,,National University of Saint Anthony the Abbot in Cuzco; Universidad Andina del Cusco; Universidad Nacional Intercultural de la Amazonía; Universidad Nacional de San Martín; Universidad Nacional del Altiplano; Universidad Peruana Unión,1,OpenAlex,"(""financial inclusion"" OR ""inclusion financiera"" OR ""inclusión financiera"" OR ""digital payments"" OR ""pagos digitales"" OR ""mobile money"" OR ""billetera digital"" OR ""financial literacy"" OR ""educacion financiera"" OR ""educación financiera"")","Ticona Machaca, A., Gutiérrez Castillo, F. H., Turpo Aliaga, B., Cano Ccoa, D. M., Yucra Quispe, R., Cahuana Sánchez, J. H., Duran Ttito, C. N., Malaga Yllpa, Y., Silva Flores, L. J., & Callupe Cueva, P. C. (2024). Peru’s National Policy on Financial Inclusion and Its Alignment with Sustainable Development Goal I. Sustainability, 16(10), 4151. https://doi.org/10.3390/su16104151","This article analyzes the implementation of the National Financial Inclusion Strategy (NFIS) and its alignment with Sustainable Development Goal (SDG) I: Eradicate poverty. Despite the progress achieved, structural gaps persist and substantially limit the NFIS’s contribution to poverty reduction, especially among rural, indigenous, extreme poverty, and other vulnerable groups. The article employs a mixed methods approach combining qualitative and quantitative techniques. On the qualitative side, a hermeneutic documentary analysis of the NFIS and related regulations was carried out, with a critical textual interpretation supported by specialized software. Quantitatively, descriptive statistical techniques were applied to analyze official financial inclusion indicators—methodological integration was achieved through analytical triangulation under a concurrent mixed methods approach. The progress of initiatives under the NFIS was evaluated, identifying limitations such as the digital divide in rural areas, limited financing for Micro and Small Enterprises, gaps in financial education, and growing exposure to digital fraud. Although the NFIS promotes greater access to financial services, it does not explicitly focus on the poorest and most excluded populations. Therefore, it is recommended that the objectives and indicators of the NFIS be reformulated to focus on universal access and effective use of financial services by the population in extreme poverty and chronic exclusion. In addition, a strategic articulation with social protection policies is necessary, as well as promoting culturally relevant microfinance and inclusive finance models, strengthening consumer protection, and consolidating public–private alliances in high-poverty areas. Finally, strong monitoring and accountability are also key."
local,,21,2024,Julio César Quispe Mamani; Santotomas Licimaco Aguilar Pinto; Dominga Asunción Calcina Álvarez; Marleny Quispe-Layme; Guino Percy Gutierrez Toledo; Gina Tamara Condori Condori; Luis Vargas Espinoza; Wilian Quispe Layme; Hugo Rubén Marca Maquera; Charles Arturo Rosado Chávez,Determinants of financial inclusion in households in Peru,Frontiers in Sociology,9,,1196651-1196651,articulo,B,3.8513,6,10.3389/fsoc.2024.1196651,https://doi.org/10.3389/fsoc.2024.1196651,gold,antecedentes/local/2024_Mamani_Determinants_of_financial_inclusion_in_households_in_Peru.pdf,Amazon National University of Madre de Dios; Catholic University of Santa María; Universidad Andina Néstor Cáceres Velásquez; Universidad Nacional de Moquegua; Universidad Nacional del Altiplano; Universidad Peruana Unión,1,OpenAlex,"(""financial inclusion"" OR ""inclusion financiera"" OR ""inclusión financiera"" OR ""digital payments"" OR ""pagos digitales"" OR ""mobile money"" OR ""billetera digital"" OR ""financial literacy"" OR ""educacion financiera"" OR ""educación financiera"")","Quispe Mamani, J. C., Aguilar Pinto, S. L., Calcina Álvarez, D. A., Quispe Layme, M., Gutierrez Toledo, G. P., Condori Condori, G. T., Vargas Espinoza, L., Quispe Layme, W., Marca Maquera, H. R., & Rosado Chávez, C. A. (2024). Determinants of financial inclusion in households in Peru. Frontiers in Sociology, 9. https://doi.org/10.3389/fsoc.2024.1196651","The issue of financial inclusion considers access to and use of quality financial services by household members and different types of companies around the world, allowing us to reach the opportunities that the globalized world offers us. The objective of this research was to identify the socioeconomic factors that determined the inclusion of households in the financial system in Peru in the period of 2021. A quantitative approach was considered, which was non-experimental with a descriptive and correlational design and in which 81,441 pieces of data were obtained from the National Household Survey (ENAHO) of the National Institute of Statistics and Informatics, applying a logit binomial regression. It was determined that 47.02% of households were included in the financial system; 61.93% of those surveyed had their residence in the urban area; on average, respondents had incomplete secondary education; the age of the respondents on average was from 25 to 44 years; the average economic income of the household was less than $251 per month; 72.18% were represented by men as heads of the household and the rest by women; most of the respondents had a cohabiting marital status; the social conditions showed that 23.82% were in the group of being poor; and the majority of households did not have a property title. The determinants of financial inclusion in Peruvian households for 2021 were the area of residence, educational level, age of the respondent, economic income, gender of the respondent, marital status, social status, and property title."
local,,22,2026,Jorge Lozano-Taricuarima; Elizabeth Emperatriz García-Salirrosas; Dany Yudet Millones-Liza; Miluska Villar-Guevara,Financial Education and Micro-Business Performance: Mediating Role of Financial Inclusion in the Digital Age of Micro-Business in the Capital of Peru,Administrative Sciences,16,5,231-231,articulo,B,0.0,0,10.3390/admsci16050231,https://doi.org/10.3390/admsci16050231,gold,,National University of Engineering; Universidad Peruana Unión; Universidad Tecnológica del Perú,1,OpenAlex,"(""financial inclusion"" OR ""inclusion financiera"" OR ""inclusión financiera"" OR ""digital payments"" OR ""pagos digitales"" OR ""mobile money"" OR ""billetera digital"" OR ""financial literacy"" OR ""educacion financiera"" OR ""educación financiera"")","Lozano-Taricuarima, J., García-Salirrosas, E. E., Millones-Liza, D. Y., & Villar-Guevara, M. (2026). Financial Education and Micro-Business Performance: Mediating Role of Financial Inclusion in the Digital Age of Micro-Business in the Capital of Peru. Administrative Sciences, 16(5), 231. https://doi.org/10.3390/admsci16050231","Economic challenges are a latent reality in emerging economies such as Peru, and the growth capacity of entrepreneurs depends largely on certain factors, such as education and financial inclusion. To delve deeper into these factors, this study aims to analyze the association between micro-business performance, education, and financial inclusion, as well as to evaluate the mediating role of financial inclusion in the association between financial education and micro-business performance. The study was of an explanatory design. The research focused on owners, business owners, general managers, and other administrators of micro-businesses who could provide information on the performance of the companies. The results showed a statistically significant positive association between micro-business performance, education, and financial inclusion. It was also proven that financial inclusion is positively associated with micro-business performance, and it was also proven that financial inclusion has a mediating role in the association between financial education and micro-business performance. While these relationships are meaningful, the moderate explanatory power of the model (R2 = 0.370–0.488) suggests that financial education and financial inclusion are important but partial contributors to business outcomes in this context. In conclusion, entrepreneurs with stronger financial knowledge appear to be better positioned to navigate business challenges and leverage financial systems, which may contribute to improved micro-business performance indicators."
local,,23,2024,César Augusto Choque Copari; Balbina Esperanza Cutipa Quilca; César Apaza Ccopa; Yunga Zegarra Elena,Educación financiera y la toma de decisiones de los estudiantes en colegios emblemáticos de una ciudad peruana,Technological Innovations Journal,3,3,21-31,articulo,C,2.0218,3,10.35622/j.ti.2024.03.002,https://doi.org/10.35622/j.ti.2024.03.002,hybrid,antecedentes/local/2024_Copari_Educacion_financiera_y_la_toma_de_decisiones_de_los_estudian.pdf,Universidad Nacional del Altiplano,1,OpenAlex,"(""financial inclusion"" OR ""inclusion financiera"" OR ""inclusión financiera"" OR ""digital payments"" OR ""pagos digitales"" OR ""mobile money"" OR ""billetera digital"" OR ""financial literacy"" OR ""educacion financiera"" OR ""educación financiera"")","Choque-Copari, C., Cutipa-Quilca, B., Apaza-Ccopa, C., & Yunga-Zegarra, E. (2024). Educação financeira e a tomada de decisões dos estudantes em colégios emblemáticos de uma cidade peruana. Technological Innovations Journal, 3(3), 21–31. https://doi.org/10.35622/j.ti.2024.03.002","Financial education is a fundamental component in the formation of high school students, as it is linked to their ability to make financial decisions that could influence their long-term economic well-being. This study aims to analyze the relationship between financial education and financial decision-making among students in emblematic schools in the city of Puno, Peru, during the 2024 period. The research employs a quantitative approach with a non-experimental, cross-sectional, and correlational design. A representative sample of 572 fifth-year high school students from three emblematic schools in the city was surveyed. The results indicate a moderate positive relationship between financial education and decision-making, with a Spearman correlation coefficient (rho = 0.451). This suggests that, while financial education is an important factor, it is not the only determinant in financial decision-making. These findings highlight the importance of continuing to promote financial education to improve students' economic well-being; however, they also suggest that other factors may influence decision-making. Future research is encouraged to consider contextual and social variables to gain a deeper understanding of the factors affecting financial decision-making in high school students."
local,,24,2022,"Chura Flores, Ernesto Zhildeer",Modelo predictivo aplicando análisis de sentimientos en Twitter para determinar el comportamiento de la criptodivisa Bitcoin,,,,,tesis de licenciatura,T,,0,,https://repositorio.unap.edu.pe/handle/20.500.14082/19268,repositorio,antecedentes/local/2022_Flores_Modelo_predictivo_aplicando_analisis_de_sentimientos_en_Twit.pdf,UNAP,5,ALICIA (CONCYTEC),"criptomonedas OR criptoactivos OR bitcoin OR blockchain OR ""cadena de bloques""","Chura Flores, Ernesto Zhildeer (2022). Modelo predictivo aplicando análisis de sentimientos en Twitter para determinar el comportamiento de la criptodivisa Bitcoin. [Tesis de licenciatura, UNAP]. https://repositorio.unap.edu.pe/handle/20.500.14082/19268","Hoy en día el Bitcoin es la criptodivisa con mayor capitalización de mercado y una nueva opción de inversión bastante llamativa pero riesgosa debido a la incertidumbre generada por la alta volatilidad de la misma lo que dificulta predecir su comportamiento, es por ello que se implementó un modelo predictivo considerando variables de alcance y aplicando el análisis de sentimientos en Twitter para predecir el comportamiento de esta criptodivisa a corto plazo. Para lograr este objetivo, se realizó la recolección y el preprocesamiento de la data histórica del Bitcoin y de los tweets referentes al Bitcoin y se aplicó el análisis de sentimientos utilizando el clasificador VADER al cual se le agregó un diccionario de léxicos con expresiones comúnmente usadas en la comunidad Bitcoin, después se realizó una selección de las variables más representativas utilizando el índice de correlación de Spearman y posteriormente, se aplicó una red neuronal recurrente (RNN) del tipo LSTM (Long Short-Term Memory) con tres configuraciones diferentes para predecir 1 hora, 6 horas y 12 horas a futuro considerando un lookback de 3 horas utilizando la librería Keras. Para evaluar el performance del modelo se utilizaron las métricas: MAPE y RMSE para obtener valores comparables en términos porcentuales y validación interna del error del modelo respectivamente. Finalmente, se encontró que el modelo predictivo configurado para predecir 1 hr. a futuro fue el que mejores resultados obtuvo con un RMSE de 227.413 y un MAPE de 0.022 lo que demuestra que si es posible predecir el comportamiento del Bitcoin; sin embargo, la desventaja radica en la precisión ya que el resultado no es lo suficientemente bueno con respecto al RMSE por lo que no se recomienda basar decisiones de inversión únicamente en los resultados de este modelo."
local,,25,2024,"Quispe Janco, Elvis; Trelles Cardenas, Milthon",La ausencia de regulación del uso de las criptomonedas y la comisión del delito de lavado de activos en el Perú,,,,,tesis de licenciatura,T,,0,,https://repositorio.unap.edu.pe/handle/20.500.14082/21584,repositorio,antecedentes/local/2024_Janco_La_ausencia_de_regulacion_del_uso_de_las_criptomonedas_y_la.pdf,UNAP,4,ALICIA (CONCYTEC),"criptomonedas OR criptoactivos OR bitcoin OR blockchain OR ""cadena de bloques""","Quispe Janco, Elvis; Trelles Cardenas, Milthon (2024). La ausencia de regulación del uso de las criptomonedas y la comisión del delito de lavado de activos en el Perú. [Tesis de licenciatura, UNAP]. https://repositorio.unap.edu.pe/handle/20.500.14082/21584","El trabajo de investigación se enfoca en el uso de criptomonedas y su relación con el delito de lavado de activos, considerando la ausencia de regulación en la legislación peruana. Dado que las criptomonedas son virtuales, existe la posibilidad de que sean empleadas por un sector de la población para cometer el delito de lavado de activos. Por ende, esta investigación tiene como objetivo principal analizar la relación que existe entre la ausencia del uso de las criptomonedas y la comisión del delito lavado de activos, específicamente en la inserción de ganancias ilícitas en el flujo financiero mediante transacciones criptográficas. Además, se examinarán los fundamentos de la existencia de regulación del uso de las criptomonedas o monedas digitales en el Perú, desde un análisis del derecho comparado y la realidad peruana. También se abordarán los efectos que generan la ausencia de regulación del uso de las criptomonedas en el Perú con relación a delito de lavado de activos, asimismo, se propondrá una fórmula legal para la sanción de esta nueva tipología penal. La metodología adoptada se basa en el método jurídico dogmático con un enfoque cualitativo, que implica el análisis de teorías, doctrina, jurisprudencia, legislación penal y documentación relacionada. Las técnicas de investigación a usarse es la de observación documental, y en cuanto a los instrumentos de investigación, los mismos son las fichas de registro bibliográfico y fichas de recolección de datos, propicios para la recolección de información. Los resultados esperados de la investigación incluyen el establecimiento de la conexión entre la falta de regulación en el uso de criptomonedas y el delito de lavado de activos. También se evaluará la presencia de regulaciones sobre criptomonedas en otros países y el Perú. Además, se buscará identificar los fundamentos para sancionar el uso indebido de criptomonedas en el lavado de activos y proponer el tipo penal para sancionar esta conducta."
local,,26,2025,"Quisocala Herrera, Jhimmy Alberth",Problemas de seguridad en la arquitectura de internet y los protocolos basados en la capa de autenticación mejorada por cadena de bloques de biométricos de comportamiento,,,,,tesis doctoral,T,,0,,https://repositorio.unap.edu.pe/handle/20.500.14082/25141,repositorio,antecedentes/local/2025_Herrera_Problemas_de_seguridad_en_la_arquitectura_de_internet_y_los.pdf,UNAP,2,ALICIA (CONCYTEC),"criptomonedas OR criptoactivos OR bitcoin OR blockchain OR ""cadena de bloques""","Quisocala Herrera, Jhimmy Alberth (2025). Problemas de seguridad en la arquitectura de internet y los protocolos basados en la capa de autenticación mejorada por cadena de bloques de biométricos de comportamiento. [Tesis doctoral, UNAP]. https://repositorio.unap.edu.pe/handle/20.500.14082/25141","En el Perú, la creciente digitalización del Sistema Eléctrico Interconectado Nacional (SEIN) y su dependencia de tecnologías conectadas como SCADA y redes corporativas han incrementado significativamente su vulnerabilidad ante ciberataques. Aunque la biometría conductual mejorada con cadena de bloques muestra resultados prometedores en la autenticación de usuarios, su efectividad aún depende de un número limitado de variables confiables, como flight_avg. Esta limitación, sumada a la centralización del SEIN y la falta de seguridad por diseño en equipos electromecánicos, evidencia una urgente necesidad de reforzar la infraestructura con métodos de autenticación complementarios y protocolos de seguridad robustos. Por lo que este estudio tiene como objetivo “Evaluar el rendimiento general de la biometría conductual de autenticación mejorada con cadena de bloques”. Sobre el tipo de investigación de la tesis es aplicativo con diseño Correlacional – Transversal, desarrollado mediante un enfoque cuantitativo. Los resultados del estudio confirman que la biometría conductual, en especial a través del tiempo entre teclas, es capaz de diferenciar entre usuarios legítimos e impostores con un nivel de significancia estadística aceptable, con F-Measure > 70% es considerado bueno en sistemas de autenticación biométrica conductual. Así mismo, la infraestructura electromecánica del SEIN, altamente centralizada y digitalizada, presenta una alta exposición cibernética, en especial en centrales termoeléctricas, líneas de 500 kV y subestaciones elevadoras. Sobre su principal conclusión del estudio La propuesta de integrar biometría conductual con cadena de bloques es viable, pero debe complementarse con múltiples factores de autenticación y arquitecturas distribuidas para mitigar riesgos en entornos de alta criticidad."
local,,27,2024,"Condori Rojas, Karim Marianella","Fintech e inclusión financiera de las MYPES del centro comercial Plaza de la ciudad de Puno, periodo 2024",,,,,tesis de licenciatura,T,,0,,https://repositorio.unap.edu.pe/handle/20.500.14082/23990,repositorio,antecedentes/local/2024_Rojas_Fintech_e_inclusion_financiera_de_las_MYPES_del_centro_comer.pdf,UNAP,4,ALICIA (CONCYTEC),"fintech OR ""billetera digital"" OR ""billeteras digitales"" OR ""banca digital"" OR ""pagos digitales"" OR ""inclusion financiera""","Condori Rojas, Karim Marianella (2024). Fintech e inclusión financiera de las MYPES del centro comercial Plaza de la ciudad de Puno, periodo 2024. [Tesis de licenciatura, UNAP]. https://repositorio.unap.edu.pe/handle/20.500.14082/23990","En los últimos años, la inclusión financiera ha tomado mayor relevancia con la Estrategia Nacional de Inclusión Financiera (ENIF), sin embargo, el acceso y uso de los servicios financieros aún causa desconfianza. Pese al inminente crecimiento en el uso de billeteras digitales, el efectivo es aún el principal medio de pago en el país. Es así que las brechas de inclusión financiera siguen latentes, pues según el índice de inclusión financiera de Credicorp, Perú está en el sexto lugar del ranking con un puntaje de 43.3 en el año 2023. Frente a esta problemática, el presente trabajo de investigación se desarrolló en el departamento de Puno, una de las regiones con mayor informalidad. Por ello, el objetivo planteado fue determinar la relación entre las fintech (tecnología financiera) y la inclusión financiera del Centro Comercial Plaza, haciendo especial énfasis en Yape. Para el logro del mismo, la investigación fue de enfoque cuantitativo, diseño no experimental, nivel correlacional utilizando el método descriptivo y deductivo. Se trabajó con una muestra no probabilística conformada por 53 Mypes pertenecientes al Centro Comercial Plaza. Para la recolección de la información se aplicó el cuestionario con escala Likert, utilizando Microsoft Excel y SPSS v.30 para su procesamiento. El resultado obtenido demuestra la correlación positiva media entre las variables con un coeficiente de correlación de Spearman de 0.643 y nivel de significancia <0.001, afirmando la relación entre las fintech y la inclusión financiera de las Mypes del Centro Comercial Plaza de la ciudad de Puno, durante el periodo 2024."
local,,28,2024,"Salas Muñoz, Karen Milagros",Las Fintech como herramienta de pago y su incidencia en la financiación de las MYPES del Centro Comercial Qori Wasi 2022,,,,,tesis de licenciatura,T,,0,,https://repositorio.unap.edu.pe/handle/20.500.14082/22590,repositorio,antecedentes/local/2024_Munoz_Las_Fintech_como_herramienta_de_pago_y_su_incidencia_en_la_f.pdf,UNAP,3,ALICIA (CONCYTEC),"fintech OR ""billetera digital"" OR ""billeteras digitales"" OR ""banca digital"" OR ""pagos digitales"" OR ""inclusion financiera""","Salas Muñoz, Karen Milagros (2024). Las Fintech como herramienta de pago y su incidencia en la financiación de las MYPES del Centro Comercial Qori Wasi 2022. [Tesis de licenciatura, UNAP]. https://repositorio.unap.edu.pe/handle/20.500.14082/22590","Las empresas de Fintech ofrecen servicios financieros utilizando tecnología y han experimentado un crecimiento significativo. Se caracterizan por su agilidad y menor burocracia en comparación con los bancos tradicionales, lo que les permite ofrecer servicios más convenientes y accesibles. Ante ello hemos formulado la pregunta siguiente: ¿De qué manera influye las Fintech como herramienta de pago y su incidencia en la financiación de las Mypes del Centro Comercial Qori Wasi?, así mismo, hemos establecido como objetivo: determinar de qué manera influyen las Fintech como herramienta de pago y su incidencia en la financiación de las empresas Mypes del Centro Comercial Qori Wasi, 2022. Para el desarrollo de la investigación se utilizó los métodos científicos tales como el cuantitativo, explicativo, el descriptivo y el deductivo, también se hizo uso de técnicas de recolección de datos tales como la encuesta y la revisión documental, Con el uso de SPSS, se pudo procesar y analizar la información recolectada en la encuesta realizada asimismo para el procesamiento de datos se utilizó análisis e interpretación, elaboración de tablas, y figuras. El estudio sobre la adopción de Fintech en el Centro Comercial Qori Wasi revela que el (62.5%) de las Mypes apoyan su implementación, aunque existe cierta reserva. La eficiencia en las transacciones, mejorada por Fintech, es reconocida positivamente por el (59%), facilitando el acceso a financiamiento. Un (50%) indica que han abierto nuevas opciones de financiamiento, aunque el (28.6%) muestra escepticismo. Además, el (59%) considera que han ayudado a reducir costos operativos y tasas de interés, aunque un (21.4%) tiene dudas. Muchos emprendedores reportan una mejora en la experiencia del cliente gracias a las Fintech, sugiriendo que optimizan procesos y fortalecen la competitividad empresarial."
local,,29,2024,"Sanca Yerba, Mitwar Leopoldo",Las billeteras digitales y su relacion con los gastos financieros de los estudiantes universitarios de la UNA Puno,,,,,tesis de licenciatura,T,,0,,https://repositorio.unap.edu.pe/handle/20.500.14082/22465,repositorio,antecedentes/local/2024_Yerba_Las_billeteras_digitales_y_su_relacion_con_los_gastos_financ.pdf,UNAP,2,ALICIA (CONCYTEC),"fintech OR ""billetera digital"" OR ""billeteras digitales"" OR ""banca digital"" OR ""pagos digitales"" OR ""inclusion financiera""","Sanca Yerba, Mitwar Leopoldo (2024). Las billeteras digitales y su relacion con los gastos financieros de los estudiantes universitarios de la UNA Puno. [Tesis de licenciatura, UNAP]. https://repositorio.unap.edu.pe/handle/20.500.14082/22465","La presente investigación que tiene como título: ”Las billeteras digitales y su relación con los gastos financieros de los estudiantes universitarios de la UNA PUNO”, tuvo como objetivo general: Determinar la relación entre las billeteras digitales y los gastos financieros de los estudiantes de la UNA PUNO, y como objetivos específicos: Identificar la relación entre la billetera digital Yape y los gastos financieros de los estudiantes universitarios de la UNA PUNO, Identificar la relación entre la billetera digital Plin y los gastos financieros de los estudiantes universitarios de la UNA PUNO y determinar la proyección de la relación entre billeteras digitales y los gastos financieros de los estudiantes universitarios de la UNA PUNO. El enfoque de la Investigación es cuantitativo, de diseño no experimental, transeccional, correlacional, la técnica de recolección de datos que se utilizo fue la encuesta y como instrumento el cuestionario, se tomó un muestreo aleatorio simple para poblaciones finitas la cual fue de 376 estudiantes. Para el procesamiento de datos se utilizó el programa IBM SPSS Statistics y el programa Microsoft Excel. Como conclusión se determinó que las billeteras digitales y los gastos financieros de los estudiantes de la UNA PUNO tienen una relación significativa, con un coeficiente de correlación de Spearman de 0.435, siendo una relación positiva y moderada, a un nivel de significancia α=0.05, es decir, mientras las billeteras digitales tengan un mayor alcance en los estudiantes universitarios, los gastos pagados con las billeteras digitales también tendrán un crecimiento proporcional a la relación determinada."
local,,30,2024,"Mamani Núñez, Ronaldo","Efectos de la inclusión financiera sobre la pobreza en la región Puno, 2015-2022",,,,,tesis de licenciatura,T,,0,,https://repositorio.unap.edu.pe/handle/20.500.14082/21964,repositorio,antecedentes/local/2024_Nunez_Efectos_de_la_inclusion_financiera_sobre_la_pobreza_en_la_re.pdf,UNAP,2,ALICIA (CONCYTEC),"fintech OR ""billetera digital"" OR ""billeteras digitales"" OR ""banca digital"" OR ""pagos digitales"" OR ""inclusion financiera""","Mamani Núñez, Ronaldo (2024). Efectos de la inclusión financiera sobre la pobreza en la región Puno, 2015-2022. [Tesis de licenciatura, UNAP]. https://repositorio.unap.edu.pe/handle/20.500.14082/21964","El estudio tuvo como objetivo analizar los efectos de la inclusión financiera sobre la pobreza en los hogares de la región Puno durante el periodo 2015-2022. En el estudio, la inclusión financiera se aproximó a través del acceso a créditos, tenencia de cuentas de ahorro y cuenta corriente por parte de los hogares dentro del sistema financiero en general; mientras que en la pobreza se aproximó a través de la línea de pobreza. La fuente de información estadística se obtuvo de microdatos de la Encuesta Nacional de Hogares (ENAHO) correspondientes a los periodos 2015-2022. La metodología empleada para este estudio fue la elección discreta, probit y logit. Los resultados obtenidos muestran que la inclusión financiera en la región de Puno experimentó un ligero incremento pasando del 32.1% al 33% durante el período 2015-2022; mientras que la pobreza monetaria se redujo de 34.6% a y el 34.7%, entre 2015 y 2019, sin embargo, este se incrementó durante la pandemia de COVID-19 a 42.3% en 2020, y 41% en 2021. Por otro lado, la inclusión financiera tuvo un efecto positivo en la reducción de la pobreza monetaria en la región de Puno. Los hogares que tienen acceso a servicios financieros experimentan una reducción en la probabilidad de ser pobres en aproximadamente 8.06 puntos porcentuales."
